--
-- PostgreSQL database dump
--

\restrict GBxhJP3PZiNEpKEpdDc3ctjdk6uqc7VbHHOBPpxEZjopshOZYFjpfmZtFRrobOb

-- Dumped from database version 15.18
-- Dumped by pg_dump version 15.18

SET statement_timeout = 0;
SET lock_timeout = 0;
SET idle_in_transaction_session_timeout = 0;
SET client_encoding = 'SQL_ASCII';
SET standard_conforming_strings = on;
SELECT pg_catalog.set_config('search_path', '', false);
SET check_function_bodies = false;
SET xmloption = content;
SET client_min_messages = warning;
SET row_security = off;

SET default_tablespace = '';

SET default_table_access_method = heap;

--
-- Name: events; Type: TABLE; Schema: public; Owner: appuser
--

CREATE TABLE public.events (
    id character varying(50) NOT NULL,
    nombre character varying(200) NOT NULL,
    fecha timestamp without time zone NOT NULL,
    circuito character varying(200) NOT NULL,
    ubicacion character varying(200) NOT NULL,
    capacidad_total integer DEFAULT 1000 NOT NULL,
    entradas_vendidas integer DEFAULT 0 NOT NULL,
    descripcion text,
    CONSTRAINT chk_entradas CHECK (((entradas_vendidas >= 0) AND (entradas_vendidas <= capacidad_total)))
);


ALTER TABLE public.events OWNER TO appuser;

--
-- Name: purchase_tickets; Type: TABLE; Schema: public; Owner: appuser
--

CREATE TABLE public.purchase_tickets (
    purchase_id character varying(100) NOT NULL,
    ticket_id character varying(50) NOT NULL
);


ALTER TABLE public.purchase_tickets OWNER TO appuser;

--
-- Name: purchases; Type: TABLE; Schema: public; Owner: appuser
--

CREATE TABLE public.purchases (
    id character varying(100) NOT NULL,
    event_id character varying(50) NOT NULL,
    nombre_comprador character varying(200) NOT NULL,
    email character varying(200) NOT NULL,
    telefono character varying(50),
    cantidad_entradas integer NOT NULL,
    tipo_entrada character varying(20) NOT NULL,
    precio_total numeric(12,2) NOT NULL,
    fecha_compra timestamp without time zone DEFAULT CURRENT_TIMESTAMP NOT NULL,
    estado character varying(20) DEFAULT 'PENDIENTE'::character varying NOT NULL,
    codigo_confirmacion character varying(100),
    CONSTRAINT purchases_cantidad_entradas_check CHECK ((cantidad_entradas > 0)),
    CONSTRAINT purchases_estado_check CHECK (((estado)::text = ANY ((ARRAY['PENDIENTE'::character varying, 'CONFIRMADA'::character varying, 'CANCELADA'::character varying])::text[]))),
    CONSTRAINT purchases_tipo_entrada_check CHECK (((tipo_entrada)::text = ANY ((ARRAY['GENERAL'::character varying, 'VIP'::character varying])::text[])))
);


ALTER TABLE public.purchases OWNER TO appuser;

--
-- Name: tickets; Type: TABLE; Schema: public; Owner: appuser
--

CREATE TABLE public.tickets (
    id character varying(50) NOT NULL,
    event_id character varying(50) NOT NULL,
    tipo character varying(20) NOT NULL,
    precio numeric(10,2) NOT NULL,
    asiento character varying(20) NOT NULL,
    seccion character varying(20) NOT NULL,
    disponible boolean DEFAULT true NOT NULL,
    CONSTRAINT tickets_tipo_check CHECK (((tipo)::text = ANY ((ARRAY['GENERAL'::character varying, 'VIP'::character varying])::text[])))
);


ALTER TABLE public.tickets OWNER TO appuser;

--
-- Data for Name: events; Type: TABLE DATA; Schema: public; Owner: appuser
--

COPY public.events (id, nombre, fecha, circuito, ubicacion, capacidad_total, entradas_vendidas, descripcion) FROM stdin;
F1-2026-ESP	Gran Premio de España 2026	2026-05-24 14:00:00	Circuit de Barcelona-Catalunya	Montmeló, Barcelona, España	1000	30	El Gran Premio de España de Fórmula 1 2026 en el mítico Circuit de Barcelona-Catalunya. Una de las carreras más emblemáticas del campeonato mundial.
\.


--
-- Data for Name: purchase_tickets; Type: TABLE DATA; Schema: public; Owner: appuser
--

COPY public.purchase_tickets (purchase_id, ticket_id) FROM stdin;
PUR-1783589849130-EC7E18F8	TKT-0006
PUR-1783589849130-EC7E18F8	TKT-0007
PUR-1783589849130-EC7E18F8	TKT-0008
PUR-1783589860229-C0C3B85B	TKT-V001
PUR-1783589873339-3D0F00EC	TKT-V002
PUR-1783589873339-3D0F00EC	TKT-V003
PUR-1783589873339-3D0F00EC	TKT-V004
PUR-1783589883439-F7F677EA	TKT-0009
PUR-1783589895546-C6A246A2	TKT-0010
PUR-1783589905641-919BFAD8	TKT-V005
PUR-1783589905641-919BFAD8	TKT-V006
PUR-1783589905641-919BFAD8	TKT-V007
PUR-1783589905641-919BFAD8	TKT-V008
PUR-1783589912744-ECCFEE65	TKT-0011
PUR-1783589912744-ECCFEE65	TKT-0012
PUR-1783589912744-ECCFEE65	TKT-0013
PUR-1783589921845-5E9EECD5	TKT-V009
PUR-1783589921845-5E9EECD5	TKT-V010
PUR-1783589921845-5E9EECD5	TKT-V011
PUR-1783589932959-31C261FE	TKT-0014
PUR-1783589932959-31C261FE	TKT-0015
PUR-1783589932959-31C261FE	TKT-0016
PUR-1783589932959-31C261FE	TKT-0017
PUR-1783589944052-EA2E3F00	TKT-0018
PUR-1783589944052-EA2E3F00	TKT-0019
PUR-1783589827829-439D728F	TKT-0001
PUR-1783589827829-439D728F	TKT-0002
PUR-1783589839019-DA23DB82	TKT-0003
PUR-1783589839019-DA23DB82	TKT-0004
PUR-1783589839019-DA23DB82	TKT-0005
\.


--
-- Data for Name: purchases; Type: TABLE DATA; Schema: public; Owner: appuser
--

COPY public.purchases (id, event_id, nombre_comprador, email, telefono, cantidad_entradas, tipo_entrada, precio_total, fecha_compra, estado, codigo_confirmacion) FROM stdin;
PUR-1783589849130-EC7E18F8	F1-2026-ESP	Fátima Rodríguez	rnd.fcatima.rodrcuguez.3@f1fans.com	694517004	3	GENERAL	450.00	2026-07-09 09:37:29.13069	CONFIRMADA	F1-1783589849130-PUR-
PUR-1783589860229-C0C3B85B	F1-2026-ESP	Alfonso Mora	rnd.alfonso.mora.4@f1fans.com	635702571	1	VIP	450.00	2026-07-09 09:37:40.229655	CONFIRMADA	F1-1783589860229-PUR-
PUR-1783589873339-3D0F00EC	F1-2026-ESP	Zenón Carrasco	rnd.zenccn.carrasco.5@f1fans.com	699402094	3	VIP	1350.00	2026-07-09 09:37:53.340127	CONFIRMADA	F1-1783589873339-PUR-
PUR-1783589883439-F7F677EA	F1-2026-ESP	Gabriel Sánchez	rnd.gabriel.scanchez.6@f1fans.com	678013741	1	GENERAL	150.00	2026-07-09 09:38:03.440163	CONFIRMADA	F1-1783589883439-PUR-
PUR-1783589895546-C6A246A2	F1-2026-ESP	Manuel Rojas	rnd.manuel.rojas.7@f1fans.com	625235361	1	GENERAL	150.00	2026-07-09 09:38:15.546468	CONFIRMADA	F1-1783589895546-PUR-
PUR-1783589905641-919BFAD8	F1-2026-ESP	Tomás Delgado	rnd.tomcas.delgado.8@f1fans.com	663939132	4	VIP	1800.00	2026-07-09 09:38:25.641632	CONFIRMADA	F1-1783589905641-PUR-
PUR-1783589912744-ECCFEE65	F1-2026-ESP	Tomás Delgado	rnd.tomcas.delgado.9@f1fans.com	629965237	3	GENERAL	450.00	2026-07-09 09:38:32.744471	CONFIRMADA	F1-1783589912744-PUR-
PUR-1783589921845-5E9EECD5	F1-2026-ESP	Hortensia Cruz	rnd.hortensia.cruz.10@f1fans.com	629177691	3	VIP	1350.00	2026-07-09 09:38:41.845435	CONFIRMADA	F1-1783589921845-PUR-
PUR-1783589932959-31C261FE	F1-2026-ESP	Rogelio Santos	rnd.rogelio.santos.11@f1fans.com	670778986	4	GENERAL	600.00	2026-07-09 09:38:52.960017	CONFIRMADA	F1-1783589932959-PUR-
PUR-1783589944052-EA2E3F00	F1-2026-ESP	Camilo Muñoz	rnd.camilo.muccoz.12@f1fans.com	632992462	2	GENERAL	300.00	2026-07-09 09:39:04.053192	CONFIRMADA	F1-1783589944053-PUR-
PUR-1783589827829-439D728F	F1-2026-ESP	Abel Herrero	rnd.abel.herrero.1@f1fans.com	640248593	2	GENERAL	300.00	2026-07-09 09:37:07.832334	CONFIRMADA	F1-1783589827830-PUR-
PUR-1783589839019-DA23DB82	F1-2026-ESP	Valentina Castro	rnd.valentina.castro.2@f1fans.com	650477828	3	GENERAL	450.00	2026-07-09 09:37:19.019319	CONFIRMADA	F1-1783589839019-PUR-
\.


--
-- Data for Name: tickets; Type: TABLE DATA; Schema: public; Owner: appuser
--

COPY public.tickets (id, event_id, tipo, precio, asiento, seccion, disponible) FROM stdin;
TKT-0007	F1-2026-ESP	GENERAL	150.00	G1-A07	G1	f
TKT-0008	F1-2026-ESP	GENERAL	150.00	G1-A08	G1	f
TKT-0251	F1-2026-ESP	GENERAL	150.00	G3-F01	G3	t
TKT-0252	F1-2026-ESP	GENERAL	150.00	G3-F02	G3	t
TKT-0071	F1-2026-ESP	GENERAL	150.00	G1-H01	G1	t
TKT-0081	F1-2026-ESP	GENERAL	150.00	G1-I01	G1	t
TKT-0091	F1-2026-ESP	GENERAL	150.00	G1-J01	G1	t
TKT-0101	F1-2026-ESP	GENERAL	150.00	G2-A01	G2	t
TKT-0111	F1-2026-ESP	GENERAL	150.00	G2-B01	G2	t
TKT-0121	F1-2026-ESP	GENERAL	150.00	G2-C01	G2	t
TKT-0131	F1-2026-ESP	GENERAL	150.00	G2-D01	G2	t
TKT-0141	F1-2026-ESP	GENERAL	150.00	G2-E01	G2	t
TKT-0151	F1-2026-ESP	GENERAL	150.00	G2-F01	G2	t
TKT-0161	F1-2026-ESP	GENERAL	150.00	G2-G01	G2	t
TKT-0171	F1-2026-ESP	GENERAL	150.00	G2-H01	G2	t
TKT-0181	F1-2026-ESP	GENERAL	150.00	G2-I01	G2	t
TKT-0191	F1-2026-ESP	GENERAL	150.00	G2-J01	G2	t
TKT-0201	F1-2026-ESP	GENERAL	150.00	G3-A01	G3	t
TKT-0211	F1-2026-ESP	GENERAL	150.00	G3-B01	G3	t
TKT-0221	F1-2026-ESP	GENERAL	150.00	G3-C01	G3	t
TKT-0231	F1-2026-ESP	GENERAL	150.00	G3-D01	G3	t
TKT-0241	F1-2026-ESP	GENERAL	150.00	G3-E01	G3	t
TKT-0009	F1-2026-ESP	GENERAL	150.00	G1-A09	G1	f
TKT-0022	F1-2026-ESP	GENERAL	150.00	G1-C02	G1	t
TKT-0012	F1-2026-ESP	GENERAL	150.00	G1-B02	G1	f
TKT-0261	F1-2026-ESP	GENERAL	150.00	G3-G01	G3	t
TKT-0271	F1-2026-ESP	GENERAL	150.00	G3-H01	G3	t
TKT-0281	F1-2026-ESP	GENERAL	150.00	G3-I01	G3	t
TKT-0291	F1-2026-ESP	GENERAL	150.00	G3-J01	G3	t
TKT-0301	F1-2026-ESP	GENERAL	150.00	G4-A01	G4	t
TKT-0311	F1-2026-ESP	GENERAL	150.00	G4-B01	G4	t
TKT-0321	F1-2026-ESP	GENERAL	150.00	G4-C01	G4	t
TKT-0331	F1-2026-ESP	GENERAL	150.00	G4-D01	G4	t
TKT-0341	F1-2026-ESP	GENERAL	150.00	G4-E01	G4	t
TKT-0351	F1-2026-ESP	GENERAL	150.00	G4-F01	G4	t
TKT-0361	F1-2026-ESP	GENERAL	150.00	G4-G01	G4	t
TKT-0371	F1-2026-ESP	GENERAL	150.00	G4-H01	G4	t
TKT-0381	F1-2026-ESP	GENERAL	150.00	G4-I01	G4	t
TKT-0391	F1-2026-ESP	GENERAL	150.00	G4-J01	G4	t
TKT-0401	F1-2026-ESP	GENERAL	150.00	G5-A01	G5	t
TKT-0411	F1-2026-ESP	GENERAL	150.00	G5-B01	G5	t
TKT-0421	F1-2026-ESP	GENERAL	150.00	G5-C01	G5	t
TKT-0431	F1-2026-ESP	GENERAL	150.00	G5-D01	G5	t
TKT-0441	F1-2026-ESP	GENERAL	150.00	G5-E01	G5	t
TKT-0451	F1-2026-ESP	GENERAL	150.00	G5-F01	G5	t
TKT-0461	F1-2026-ESP	GENERAL	150.00	G5-G01	G5	t
TKT-0471	F1-2026-ESP	GENERAL	150.00	G5-H01	G5	t
TKT-0481	F1-2026-ESP	GENERAL	150.00	G5-I01	G5	t
TKT-0491	F1-2026-ESP	GENERAL	150.00	G5-J01	G5	t
TKT-0501	F1-2026-ESP	GENERAL	150.00	G6-A01	G6	t
TKT-0511	F1-2026-ESP	GENERAL	150.00	G6-B01	G6	t
TKT-0521	F1-2026-ESP	GENERAL	150.00	G6-C01	G6	t
TKT-0531	F1-2026-ESP	GENERAL	150.00	G6-D01	G6	t
TKT-0541	F1-2026-ESP	GENERAL	150.00	G6-E01	G6	t
TKT-0551	F1-2026-ESP	GENERAL	150.00	G6-F01	G6	t
TKT-0561	F1-2026-ESP	GENERAL	150.00	G6-G01	G6	t
TKT-0571	F1-2026-ESP	GENERAL	150.00	G6-H01	G6	t
TKT-0581	F1-2026-ESP	GENERAL	150.00	G6-I01	G6	t
TKT-0591	F1-2026-ESP	GENERAL	150.00	G6-J01	G6	t
TKT-0601	F1-2026-ESP	GENERAL	150.00	G7-A01	G7	t
TKT-0611	F1-2026-ESP	GENERAL	150.00	G7-B01	G7	t
TKT-0621	F1-2026-ESP	GENERAL	150.00	G7-C01	G7	t
TKT-0631	F1-2026-ESP	GENERAL	150.00	G7-D01	G7	t
TKT-0641	F1-2026-ESP	GENERAL	150.00	G7-E01	G7	t
TKT-0651	F1-2026-ESP	GENERAL	150.00	G7-F01	G7	t
TKT-0661	F1-2026-ESP	GENERAL	150.00	G7-G01	G7	t
TKT-0671	F1-2026-ESP	GENERAL	150.00	G7-H01	G7	t
TKT-0681	F1-2026-ESP	GENERAL	150.00	G7-I01	G7	t
TKT-0691	F1-2026-ESP	GENERAL	150.00	G7-J01	G7	t
TKT-0701	F1-2026-ESP	GENERAL	150.00	G8-A01	G8	t
TKT-0711	F1-2026-ESP	GENERAL	150.00	G8-B01	G8	t
TKT-0721	F1-2026-ESP	GENERAL	150.00	G8-C01	G8	t
TKT-0731	F1-2026-ESP	GENERAL	150.00	G8-D01	G8	t
TKT-0741	F1-2026-ESP	GENERAL	150.00	G8-E01	G8	t
TKT-0751	F1-2026-ESP	GENERAL	150.00	G8-F01	G8	t
TKT-0761	F1-2026-ESP	GENERAL	150.00	G8-G01	G8	t
TKT-0771	F1-2026-ESP	GENERAL	150.00	G8-H01	G8	t
TKT-0781	F1-2026-ESP	GENERAL	150.00	G8-I01	G8	t
TKT-0791	F1-2026-ESP	GENERAL	150.00	G8-J01	G8	t
TKT-0032	F1-2026-ESP	GENERAL	150.00	G1-D02	G1	t
TKT-0042	F1-2026-ESP	GENERAL	150.00	G1-E02	G1	t
TKT-0052	F1-2026-ESP	GENERAL	150.00	G1-F02	G1	t
TKT-0062	F1-2026-ESP	GENERAL	150.00	G1-G02	G1	t
TKT-0072	F1-2026-ESP	GENERAL	150.00	G1-H02	G1	t
TKT-0082	F1-2026-ESP	GENERAL	150.00	G1-I02	G1	t
TKT-0092	F1-2026-ESP	GENERAL	150.00	G1-J02	G1	t
TKT-0102	F1-2026-ESP	GENERAL	150.00	G2-A02	G2	t
TKT-0112	F1-2026-ESP	GENERAL	150.00	G2-B02	G2	t
TKT-0122	F1-2026-ESP	GENERAL	150.00	G2-C02	G2	t
TKT-0132	F1-2026-ESP	GENERAL	150.00	G2-D02	G2	t
TKT-0142	F1-2026-ESP	GENERAL	150.00	G2-E02	G2	t
TKT-0152	F1-2026-ESP	GENERAL	150.00	G2-F02	G2	t
TKT-0162	F1-2026-ESP	GENERAL	150.00	G2-G02	G2	t
TKT-0172	F1-2026-ESP	GENERAL	150.00	G2-H02	G2	t
TKT-0182	F1-2026-ESP	GENERAL	150.00	G2-I02	G2	t
TKT-0192	F1-2026-ESP	GENERAL	150.00	G2-J02	G2	t
TKT-0202	F1-2026-ESP	GENERAL	150.00	G3-A02	G3	t
TKT-0212	F1-2026-ESP	GENERAL	150.00	G3-B02	G3	t
TKT-0222	F1-2026-ESP	GENERAL	150.00	G3-C02	G3	t
TKT-0232	F1-2026-ESP	GENERAL	150.00	G3-D02	G3	t
TKT-0242	F1-2026-ESP	GENERAL	150.00	G3-E02	G3	t
TKT-0023	F1-2026-ESP	GENERAL	150.00	G1-C03	G1	t
TKT-0262	F1-2026-ESP	GENERAL	150.00	G3-G02	G3	t
TKT-0002	F1-2026-ESP	GENERAL	150.00	G1-A02	G1	f
TKT-0003	F1-2026-ESP	GENERAL	150.00	G1-A03	G1	f
TKT-0272	F1-2026-ESP	GENERAL	150.00	G3-H02	G3	t
TKT-0282	F1-2026-ESP	GENERAL	150.00	G3-I02	G3	t
TKT-0292	F1-2026-ESP	GENERAL	150.00	G3-J02	G3	t
TKT-0302	F1-2026-ESP	GENERAL	150.00	G4-A02	G4	t
TKT-0312	F1-2026-ESP	GENERAL	150.00	G4-B02	G4	t
TKT-0322	F1-2026-ESP	GENERAL	150.00	G4-C02	G4	t
TKT-0332	F1-2026-ESP	GENERAL	150.00	G4-D02	G4	t
TKT-0342	F1-2026-ESP	GENERAL	150.00	G4-E02	G4	t
TKT-0352	F1-2026-ESP	GENERAL	150.00	G4-F02	G4	t
TKT-0362	F1-2026-ESP	GENERAL	150.00	G4-G02	G4	t
TKT-0372	F1-2026-ESP	GENERAL	150.00	G4-H02	G4	t
TKT-0382	F1-2026-ESP	GENERAL	150.00	G4-I02	G4	t
TKT-0392	F1-2026-ESP	GENERAL	150.00	G4-J02	G4	t
TKT-0402	F1-2026-ESP	GENERAL	150.00	G5-A02	G5	t
TKT-0412	F1-2026-ESP	GENERAL	150.00	G5-B02	G5	t
TKT-0422	F1-2026-ESP	GENERAL	150.00	G5-C02	G5	t
TKT-0432	F1-2026-ESP	GENERAL	150.00	G5-D02	G5	t
TKT-0442	F1-2026-ESP	GENERAL	150.00	G5-E02	G5	t
TKT-0452	F1-2026-ESP	GENERAL	150.00	G5-F02	G5	t
TKT-0462	F1-2026-ESP	GENERAL	150.00	G5-G02	G5	t
TKT-0472	F1-2026-ESP	GENERAL	150.00	G5-H02	G5	t
TKT-0482	F1-2026-ESP	GENERAL	150.00	G5-I02	G5	t
TKT-0492	F1-2026-ESP	GENERAL	150.00	G5-J02	G5	t
TKT-0502	F1-2026-ESP	GENERAL	150.00	G6-A02	G6	t
TKT-0512	F1-2026-ESP	GENERAL	150.00	G6-B02	G6	t
TKT-0522	F1-2026-ESP	GENERAL	150.00	G6-C02	G6	t
TKT-0532	F1-2026-ESP	GENERAL	150.00	G6-D02	G6	t
TKT-0542	F1-2026-ESP	GENERAL	150.00	G6-E02	G6	t
TKT-0552	F1-2026-ESP	GENERAL	150.00	G6-F02	G6	t
TKT-0562	F1-2026-ESP	GENERAL	150.00	G6-G02	G6	t
TKT-0572	F1-2026-ESP	GENERAL	150.00	G6-H02	G6	t
TKT-0582	F1-2026-ESP	GENERAL	150.00	G6-I02	G6	t
TKT-0592	F1-2026-ESP	GENERAL	150.00	G6-J02	G6	t
TKT-0602	F1-2026-ESP	GENERAL	150.00	G7-A02	G7	t
TKT-0612	F1-2026-ESP	GENERAL	150.00	G7-B02	G7	t
TKT-0622	F1-2026-ESP	GENERAL	150.00	G7-C02	G7	t
TKT-0632	F1-2026-ESP	GENERAL	150.00	G7-D02	G7	t
TKT-0642	F1-2026-ESP	GENERAL	150.00	G7-E02	G7	t
TKT-0652	F1-2026-ESP	GENERAL	150.00	G7-F02	G7	t
TKT-0662	F1-2026-ESP	GENERAL	150.00	G7-G02	G7	t
TKT-0672	F1-2026-ESP	GENERAL	150.00	G7-H02	G7	t
TKT-0682	F1-2026-ESP	GENERAL	150.00	G7-I02	G7	t
TKT-0692	F1-2026-ESP	GENERAL	150.00	G7-J02	G7	t
TKT-0702	F1-2026-ESP	GENERAL	150.00	G8-A02	G8	t
TKT-0712	F1-2026-ESP	GENERAL	150.00	G8-B02	G8	t
TKT-0722	F1-2026-ESP	GENERAL	150.00	G8-C02	G8	t
TKT-0732	F1-2026-ESP	GENERAL	150.00	G8-D02	G8	t
TKT-0742	F1-2026-ESP	GENERAL	150.00	G8-E02	G8	t
TKT-0752	F1-2026-ESP	GENERAL	150.00	G8-F02	G8	t
TKT-0762	F1-2026-ESP	GENERAL	150.00	G8-G02	G8	t
TKT-0772	F1-2026-ESP	GENERAL	150.00	G8-H02	G8	t
TKT-0782	F1-2026-ESP	GENERAL	150.00	G8-I02	G8	t
TKT-0792	F1-2026-ESP	GENERAL	150.00	G8-J02	G8	t
TKT-0013	F1-2026-ESP	GENERAL	150.00	G1-B03	G1	f
TKT-0253	F1-2026-ESP	GENERAL	150.00	G3-F03	G3	t
TKT-0033	F1-2026-ESP	GENERAL	150.00	G1-D03	G1	t
TKT-0043	F1-2026-ESP	GENERAL	150.00	G1-E03	G1	t
TKT-0053	F1-2026-ESP	GENERAL	150.00	G1-F03	G1	t
TKT-0063	F1-2026-ESP	GENERAL	150.00	G1-G03	G1	t
TKT-0073	F1-2026-ESP	GENERAL	150.00	G1-H03	G1	t
TKT-0083	F1-2026-ESP	GENERAL	150.00	G1-I03	G1	t
TKT-0093	F1-2026-ESP	GENERAL	150.00	G1-J03	G1	t
TKT-0103	F1-2026-ESP	GENERAL	150.00	G2-A03	G2	t
TKT-0113	F1-2026-ESP	GENERAL	150.00	G2-B03	G2	t
TKT-0123	F1-2026-ESP	GENERAL	150.00	G2-C03	G2	t
TKT-0133	F1-2026-ESP	GENERAL	150.00	G2-D03	G2	t
TKT-0143	F1-2026-ESP	GENERAL	150.00	G2-E03	G2	t
TKT-0153	F1-2026-ESP	GENERAL	150.00	G2-F03	G2	t
TKT-0163	F1-2026-ESP	GENERAL	150.00	G2-G03	G2	t
TKT-0173	F1-2026-ESP	GENERAL	150.00	G2-H03	G2	t
TKT-0183	F1-2026-ESP	GENERAL	150.00	G2-I03	G2	t
TKT-0193	F1-2026-ESP	GENERAL	150.00	G2-J03	G2	t
TKT-0203	F1-2026-ESP	GENERAL	150.00	G3-A03	G3	t
TKT-0213	F1-2026-ESP	GENERAL	150.00	G3-B03	G3	t
TKT-0223	F1-2026-ESP	GENERAL	150.00	G3-C03	G3	t
TKT-0233	F1-2026-ESP	GENERAL	150.00	G3-D03	G3	t
TKT-0243	F1-2026-ESP	GENERAL	150.00	G3-E03	G3	t
TKT-0263	F1-2026-ESP	GENERAL	150.00	G3-G03	G3	t
TKT-0273	F1-2026-ESP	GENERAL	150.00	G3-H03	G3	t
TKT-0283	F1-2026-ESP	GENERAL	150.00	G3-I03	G3	t
TKT-0293	F1-2026-ESP	GENERAL	150.00	G3-J03	G3	t
TKT-0303	F1-2026-ESP	GENERAL	150.00	G4-A03	G4	t
TKT-0313	F1-2026-ESP	GENERAL	150.00	G4-B03	G4	t
TKT-0323	F1-2026-ESP	GENERAL	150.00	G4-C03	G4	t
TKT-0333	F1-2026-ESP	GENERAL	150.00	G4-D03	G4	t
TKT-0343	F1-2026-ESP	GENERAL	150.00	G4-E03	G4	t
TKT-0353	F1-2026-ESP	GENERAL	150.00	G4-F03	G4	t
TKT-0363	F1-2026-ESP	GENERAL	150.00	G4-G03	G4	t
TKT-0373	F1-2026-ESP	GENERAL	150.00	G4-H03	G4	t
TKT-0383	F1-2026-ESP	GENERAL	150.00	G4-I03	G4	t
TKT-0393	F1-2026-ESP	GENERAL	150.00	G4-J03	G4	t
TKT-0403	F1-2026-ESP	GENERAL	150.00	G5-A03	G5	t
TKT-0413	F1-2026-ESP	GENERAL	150.00	G5-B03	G5	t
TKT-0423	F1-2026-ESP	GENERAL	150.00	G5-C03	G5	t
TKT-0433	F1-2026-ESP	GENERAL	150.00	G5-D03	G5	t
TKT-0443	F1-2026-ESP	GENERAL	150.00	G5-E03	G5	t
TKT-0453	F1-2026-ESP	GENERAL	150.00	G5-F03	G5	t
TKT-0463	F1-2026-ESP	GENERAL	150.00	G5-G03	G5	t
TKT-0473	F1-2026-ESP	GENERAL	150.00	G5-H03	G5	t
TKT-0483	F1-2026-ESP	GENERAL	150.00	G5-I03	G5	t
TKT-0493	F1-2026-ESP	GENERAL	150.00	G5-J03	G5	t
TKT-0503	F1-2026-ESP	GENERAL	150.00	G6-A03	G6	t
TKT-0513	F1-2026-ESP	GENERAL	150.00	G6-B03	G6	t
TKT-0523	F1-2026-ESP	GENERAL	150.00	G6-C03	G6	t
TKT-0533	F1-2026-ESP	GENERAL	150.00	G6-D03	G6	t
TKT-0004	F1-2026-ESP	GENERAL	150.00	G1-A04	G1	f
TKT-0543	F1-2026-ESP	GENERAL	150.00	G6-E03	G6	t
TKT-0553	F1-2026-ESP	GENERAL	150.00	G6-F03	G6	t
TKT-0563	F1-2026-ESP	GENERAL	150.00	G6-G03	G6	t
TKT-0573	F1-2026-ESP	GENERAL	150.00	G6-H03	G6	t
TKT-0583	F1-2026-ESP	GENERAL	150.00	G6-I03	G6	t
TKT-0593	F1-2026-ESP	GENERAL	150.00	G6-J03	G6	t
TKT-0603	F1-2026-ESP	GENERAL	150.00	G7-A03	G7	t
TKT-0613	F1-2026-ESP	GENERAL	150.00	G7-B03	G7	t
TKT-0623	F1-2026-ESP	GENERAL	150.00	G7-C03	G7	t
TKT-0633	F1-2026-ESP	GENERAL	150.00	G7-D03	G7	t
TKT-0643	F1-2026-ESP	GENERAL	150.00	G7-E03	G7	t
TKT-0653	F1-2026-ESP	GENERAL	150.00	G7-F03	G7	t
TKT-0663	F1-2026-ESP	GENERAL	150.00	G7-G03	G7	t
TKT-0673	F1-2026-ESP	GENERAL	150.00	G7-H03	G7	t
TKT-0683	F1-2026-ESP	GENERAL	150.00	G7-I03	G7	t
TKT-0693	F1-2026-ESP	GENERAL	150.00	G7-J03	G7	t
TKT-0703	F1-2026-ESP	GENERAL	150.00	G8-A03	G8	t
TKT-0713	F1-2026-ESP	GENERAL	150.00	G8-B03	G8	t
TKT-0723	F1-2026-ESP	GENERAL	150.00	G8-C03	G8	t
TKT-0733	F1-2026-ESP	GENERAL	150.00	G8-D03	G8	t
TKT-0743	F1-2026-ESP	GENERAL	150.00	G8-E03	G8	t
TKT-0753	F1-2026-ESP	GENERAL	150.00	G8-F03	G8	t
TKT-0763	F1-2026-ESP	GENERAL	150.00	G8-G03	G8	t
TKT-0773	F1-2026-ESP	GENERAL	150.00	G8-H03	G8	t
TKT-0783	F1-2026-ESP	GENERAL	150.00	G8-I03	G8	t
TKT-0793	F1-2026-ESP	GENERAL	150.00	G8-J03	G8	t
TKT-0014	F1-2026-ESP	GENERAL	150.00	G1-B04	G1	f
TKT-0254	F1-2026-ESP	GENERAL	150.00	G3-F04	G3	t
TKT-0024	F1-2026-ESP	GENERAL	150.00	G1-C04	G1	t
TKT-0034	F1-2026-ESP	GENERAL	150.00	G1-D04	G1	t
TKT-0044	F1-2026-ESP	GENERAL	150.00	G1-E04	G1	t
TKT-0054	F1-2026-ESP	GENERAL	150.00	G1-F04	G1	t
TKT-0064	F1-2026-ESP	GENERAL	150.00	G1-G04	G1	t
TKT-0074	F1-2026-ESP	GENERAL	150.00	G1-H04	G1	t
TKT-0084	F1-2026-ESP	GENERAL	150.00	G1-I04	G1	t
TKT-0094	F1-2026-ESP	GENERAL	150.00	G1-J04	G1	t
TKT-0104	F1-2026-ESP	GENERAL	150.00	G2-A04	G2	t
TKT-0114	F1-2026-ESP	GENERAL	150.00	G2-B04	G2	t
TKT-0124	F1-2026-ESP	GENERAL	150.00	G2-C04	G2	t
TKT-0134	F1-2026-ESP	GENERAL	150.00	G2-D04	G2	t
TKT-0144	F1-2026-ESP	GENERAL	150.00	G2-E04	G2	t
TKT-0154	F1-2026-ESP	GENERAL	150.00	G2-F04	G2	t
TKT-0164	F1-2026-ESP	GENERAL	150.00	G2-G04	G2	t
TKT-0174	F1-2026-ESP	GENERAL	150.00	G2-H04	G2	t
TKT-0184	F1-2026-ESP	GENERAL	150.00	G2-I04	G2	t
TKT-0194	F1-2026-ESP	GENERAL	150.00	G2-J04	G2	t
TKT-0204	F1-2026-ESP	GENERAL	150.00	G3-A04	G3	t
TKT-0214	F1-2026-ESP	GENERAL	150.00	G3-B04	G3	t
TKT-0224	F1-2026-ESP	GENERAL	150.00	G3-C04	G3	t
TKT-0234	F1-2026-ESP	GENERAL	150.00	G3-D04	G3	t
TKT-0264	F1-2026-ESP	GENERAL	150.00	G3-G04	G3	t
TKT-0274	F1-2026-ESP	GENERAL	150.00	G3-H04	G3	t
TKT-0284	F1-2026-ESP	GENERAL	150.00	G3-I04	G3	t
TKT-0294	F1-2026-ESP	GENERAL	150.00	G3-J04	G3	t
TKT-0304	F1-2026-ESP	GENERAL	150.00	G4-A04	G4	t
TKT-0314	F1-2026-ESP	GENERAL	150.00	G4-B04	G4	t
TKT-0324	F1-2026-ESP	GENERAL	150.00	G4-C04	G4	t
TKT-0334	F1-2026-ESP	GENERAL	150.00	G4-D04	G4	t
TKT-0344	F1-2026-ESP	GENERAL	150.00	G4-E04	G4	t
TKT-0354	F1-2026-ESP	GENERAL	150.00	G4-F04	G4	t
TKT-0364	F1-2026-ESP	GENERAL	150.00	G4-G04	G4	t
TKT-0374	F1-2026-ESP	GENERAL	150.00	G4-H04	G4	t
TKT-0384	F1-2026-ESP	GENERAL	150.00	G4-I04	G4	t
TKT-0394	F1-2026-ESP	GENERAL	150.00	G4-J04	G4	t
TKT-0404	F1-2026-ESP	GENERAL	150.00	G5-A04	G5	t
TKT-0414	F1-2026-ESP	GENERAL	150.00	G5-B04	G5	t
TKT-0424	F1-2026-ESP	GENERAL	150.00	G5-C04	G5	t
TKT-0434	F1-2026-ESP	GENERAL	150.00	G5-D04	G5	t
TKT-0444	F1-2026-ESP	GENERAL	150.00	G5-E04	G5	t
TKT-0454	F1-2026-ESP	GENERAL	150.00	G5-F04	G5	t
TKT-0464	F1-2026-ESP	GENERAL	150.00	G5-G04	G5	t
TKT-0474	F1-2026-ESP	GENERAL	150.00	G5-H04	G5	t
TKT-0484	F1-2026-ESP	GENERAL	150.00	G5-I04	G5	t
TKT-0494	F1-2026-ESP	GENERAL	150.00	G5-J04	G5	t
TKT-0504	F1-2026-ESP	GENERAL	150.00	G6-A04	G6	t
TKT-0514	F1-2026-ESP	GENERAL	150.00	G6-B04	G6	t
TKT-0524	F1-2026-ESP	GENERAL	150.00	G6-C04	G6	t
TKT-0534	F1-2026-ESP	GENERAL	150.00	G6-D04	G6	t
TKT-0544	F1-2026-ESP	GENERAL	150.00	G6-E04	G6	t
TKT-0554	F1-2026-ESP	GENERAL	150.00	G6-F04	G6	t
TKT-0564	F1-2026-ESP	GENERAL	150.00	G6-G04	G6	t
TKT-0574	F1-2026-ESP	GENERAL	150.00	G6-H04	G6	t
TKT-0584	F1-2026-ESP	GENERAL	150.00	G6-I04	G6	t
TKT-0594	F1-2026-ESP	GENERAL	150.00	G6-J04	G6	t
TKT-0604	F1-2026-ESP	GENERAL	150.00	G7-A04	G7	t
TKT-0614	F1-2026-ESP	GENERAL	150.00	G7-B04	G7	t
TKT-0624	F1-2026-ESP	GENERAL	150.00	G7-C04	G7	t
TKT-0634	F1-2026-ESP	GENERAL	150.00	G7-D04	G7	t
TKT-0644	F1-2026-ESP	GENERAL	150.00	G7-E04	G7	t
TKT-0654	F1-2026-ESP	GENERAL	150.00	G7-F04	G7	t
TKT-0664	F1-2026-ESP	GENERAL	150.00	G7-G04	G7	t
TKT-0674	F1-2026-ESP	GENERAL	150.00	G7-H04	G7	t
TKT-0684	F1-2026-ESP	GENERAL	150.00	G7-I04	G7	t
TKT-0694	F1-2026-ESP	GENERAL	150.00	G7-J04	G7	t
TKT-0704	F1-2026-ESP	GENERAL	150.00	G8-A04	G8	t
TKT-0714	F1-2026-ESP	GENERAL	150.00	G8-B04	G8	t
TKT-0724	F1-2026-ESP	GENERAL	150.00	G8-C04	G8	t
TKT-0734	F1-2026-ESP	GENERAL	150.00	G8-D04	G8	t
TKT-0744	F1-2026-ESP	GENERAL	150.00	G8-E04	G8	t
TKT-0754	F1-2026-ESP	GENERAL	150.00	G8-F04	G8	t
TKT-0764	F1-2026-ESP	GENERAL	150.00	G8-G04	G8	t
TKT-0774	F1-2026-ESP	GENERAL	150.00	G8-H04	G8	t
TKT-0784	F1-2026-ESP	GENERAL	150.00	G8-I04	G8	t
TKT-0794	F1-2026-ESP	GENERAL	150.00	G8-J04	G8	t
TKT-0244	F1-2026-ESP	GENERAL	150.00	G3-E04	G3	t
TKT-0006	F1-2026-ESP	GENERAL	150.00	G1-A06	G1	f
TKT-0015	F1-2026-ESP	GENERAL	150.00	G1-B05	G1	f
TKT-0255	F1-2026-ESP	GENERAL	150.00	G3-F05	G3	t
TKT-0256	F1-2026-ESP	GENERAL	150.00	G3-F06	G3	t
TKT-0016	F1-2026-ESP	GENERAL	150.00	G1-B06	G1	f
TKT-0025	F1-2026-ESP	GENERAL	150.00	G1-C05	G1	t
TKT-0035	F1-2026-ESP	GENERAL	150.00	G1-D05	G1	t
TKT-0045	F1-2026-ESP	GENERAL	150.00	G1-E05	G1	t
TKT-0055	F1-2026-ESP	GENERAL	150.00	G1-F05	G1	t
TKT-0065	F1-2026-ESP	GENERAL	150.00	G1-G05	G1	t
TKT-0075	F1-2026-ESP	GENERAL	150.00	G1-H05	G1	t
TKT-0085	F1-2026-ESP	GENERAL	150.00	G1-I05	G1	t
TKT-0095	F1-2026-ESP	GENERAL	150.00	G1-J05	G1	t
TKT-0105	F1-2026-ESP	GENERAL	150.00	G2-A05	G2	t
TKT-0115	F1-2026-ESP	GENERAL	150.00	G2-B05	G2	t
TKT-0125	F1-2026-ESP	GENERAL	150.00	G2-C05	G2	t
TKT-0135	F1-2026-ESP	GENERAL	150.00	G2-D05	G2	t
TKT-0145	F1-2026-ESP	GENERAL	150.00	G2-E05	G2	t
TKT-0155	F1-2026-ESP	GENERAL	150.00	G2-F05	G2	t
TKT-0165	F1-2026-ESP	GENERAL	150.00	G2-G05	G2	t
TKT-0175	F1-2026-ESP	GENERAL	150.00	G2-H05	G2	t
TKT-0185	F1-2026-ESP	GENERAL	150.00	G2-I05	G2	t
TKT-0195	F1-2026-ESP	GENERAL	150.00	G2-J05	G2	t
TKT-0265	F1-2026-ESP	GENERAL	150.00	G3-G05	G3	t
TKT-0275	F1-2026-ESP	GENERAL	150.00	G3-H05	G3	t
TKT-0285	F1-2026-ESP	GENERAL	150.00	G3-I05	G3	t
TKT-0295	F1-2026-ESP	GENERAL	150.00	G3-J05	G3	t
TKT-0305	F1-2026-ESP	GENERAL	150.00	G4-A05	G4	t
TKT-0315	F1-2026-ESP	GENERAL	150.00	G4-B05	G4	t
TKT-0325	F1-2026-ESP	GENERAL	150.00	G4-C05	G4	t
TKT-0335	F1-2026-ESP	GENERAL	150.00	G4-D05	G4	t
TKT-0345	F1-2026-ESP	GENERAL	150.00	G4-E05	G4	t
TKT-0355	F1-2026-ESP	GENERAL	150.00	G4-F05	G4	t
TKT-0365	F1-2026-ESP	GENERAL	150.00	G4-G05	G4	t
TKT-0375	F1-2026-ESP	GENERAL	150.00	G4-H05	G4	t
TKT-0385	F1-2026-ESP	GENERAL	150.00	G4-I05	G4	t
TKT-0395	F1-2026-ESP	GENERAL	150.00	G4-J05	G4	t
TKT-0405	F1-2026-ESP	GENERAL	150.00	G5-A05	G5	t
TKT-0415	F1-2026-ESP	GENERAL	150.00	G5-B05	G5	t
TKT-0425	F1-2026-ESP	GENERAL	150.00	G5-C05	G5	t
TKT-0435	F1-2026-ESP	GENERAL	150.00	G5-D05	G5	t
TKT-0445	F1-2026-ESP	GENERAL	150.00	G5-E05	G5	t
TKT-0455	F1-2026-ESP	GENERAL	150.00	G5-F05	G5	t
TKT-0465	F1-2026-ESP	GENERAL	150.00	G5-G05	G5	t
TKT-0475	F1-2026-ESP	GENERAL	150.00	G5-H05	G5	t
TKT-0485	F1-2026-ESP	GENERAL	150.00	G5-I05	G5	t
TKT-0495	F1-2026-ESP	GENERAL	150.00	G5-J05	G5	t
TKT-0505	F1-2026-ESP	GENERAL	150.00	G6-A05	G6	t
TKT-0515	F1-2026-ESP	GENERAL	150.00	G6-B05	G6	t
TKT-0525	F1-2026-ESP	GENERAL	150.00	G6-C05	G6	t
TKT-0535	F1-2026-ESP	GENERAL	150.00	G6-D05	G6	t
TKT-0545	F1-2026-ESP	GENERAL	150.00	G6-E05	G6	t
TKT-0555	F1-2026-ESP	GENERAL	150.00	G6-F05	G6	t
TKT-0565	F1-2026-ESP	GENERAL	150.00	G6-G05	G6	t
TKT-0575	F1-2026-ESP	GENERAL	150.00	G6-H05	G6	t
TKT-0585	F1-2026-ESP	GENERAL	150.00	G6-I05	G6	t
TKT-0595	F1-2026-ESP	GENERAL	150.00	G6-J05	G6	t
TKT-0605	F1-2026-ESP	GENERAL	150.00	G7-A05	G7	t
TKT-0615	F1-2026-ESP	GENERAL	150.00	G7-B05	G7	t
TKT-0625	F1-2026-ESP	GENERAL	150.00	G7-C05	G7	t
TKT-0635	F1-2026-ESP	GENERAL	150.00	G7-D05	G7	t
TKT-0645	F1-2026-ESP	GENERAL	150.00	G7-E05	G7	t
TKT-0655	F1-2026-ESP	GENERAL	150.00	G7-F05	G7	t
TKT-0665	F1-2026-ESP	GENERAL	150.00	G7-G05	G7	t
TKT-0675	F1-2026-ESP	GENERAL	150.00	G7-H05	G7	t
TKT-0685	F1-2026-ESP	GENERAL	150.00	G7-I05	G7	t
TKT-0695	F1-2026-ESP	GENERAL	150.00	G7-J05	G7	t
TKT-0705	F1-2026-ESP	GENERAL	150.00	G8-A05	G8	t
TKT-0715	F1-2026-ESP	GENERAL	150.00	G8-B05	G8	t
TKT-0725	F1-2026-ESP	GENERAL	150.00	G8-C05	G8	t
TKT-0735	F1-2026-ESP	GENERAL	150.00	G8-D05	G8	t
TKT-0745	F1-2026-ESP	GENERAL	150.00	G8-E05	G8	t
TKT-0755	F1-2026-ESP	GENERAL	150.00	G8-F05	G8	t
TKT-0765	F1-2026-ESP	GENERAL	150.00	G8-G05	G8	t
TKT-0775	F1-2026-ESP	GENERAL	150.00	G8-H05	G8	t
TKT-0785	F1-2026-ESP	GENERAL	150.00	G8-I05	G8	t
TKT-0795	F1-2026-ESP	GENERAL	150.00	G8-J05	G8	t
TKT-0205	F1-2026-ESP	GENERAL	150.00	G3-A05	G3	t
TKT-0215	F1-2026-ESP	GENERAL	150.00	G3-B05	G3	t
TKT-0225	F1-2026-ESP	GENERAL	150.00	G3-C05	G3	t
TKT-0235	F1-2026-ESP	GENERAL	150.00	G3-D05	G3	t
TKT-0245	F1-2026-ESP	GENERAL	150.00	G3-E05	G3	t
TKT-0026	F1-2026-ESP	GENERAL	150.00	G1-C06	G1	t
TKT-0036	F1-2026-ESP	GENERAL	150.00	G1-D06	G1	t
TKT-0046	F1-2026-ESP	GENERAL	150.00	G1-E06	G1	t
TKT-0056	F1-2026-ESP	GENERAL	150.00	G1-F06	G1	t
TKT-0066	F1-2026-ESP	GENERAL	150.00	G1-G06	G1	t
TKT-0076	F1-2026-ESP	GENERAL	150.00	G1-H06	G1	t
TKT-0086	F1-2026-ESP	GENERAL	150.00	G1-I06	G1	t
TKT-0096	F1-2026-ESP	GENERAL	150.00	G1-J06	G1	t
TKT-0106	F1-2026-ESP	GENERAL	150.00	G2-A06	G2	t
TKT-0116	F1-2026-ESP	GENERAL	150.00	G2-B06	G2	t
TKT-0126	F1-2026-ESP	GENERAL	150.00	G2-C06	G2	t
TKT-0136	F1-2026-ESP	GENERAL	150.00	G2-D06	G2	t
TKT-0146	F1-2026-ESP	GENERAL	150.00	G2-E06	G2	t
TKT-0156	F1-2026-ESP	GENERAL	150.00	G2-F06	G2	t
TKT-0166	F1-2026-ESP	GENERAL	150.00	G2-G06	G2	t
TKT-0176	F1-2026-ESP	GENERAL	150.00	G2-H06	G2	t
TKT-0186	F1-2026-ESP	GENERAL	150.00	G2-I06	G2	t
TKT-0196	F1-2026-ESP	GENERAL	150.00	G2-J06	G2	t
TKT-0266	F1-2026-ESP	GENERAL	150.00	G3-G06	G3	t
TKT-0276	F1-2026-ESP	GENERAL	150.00	G3-H06	G3	t
TKT-0005	F1-2026-ESP	GENERAL	150.00	G1-A05	G1	f
TKT-0286	F1-2026-ESP	GENERAL	150.00	G3-I06	G3	t
TKT-0296	F1-2026-ESP	GENERAL	150.00	G3-J06	G3	t
TKT-0306	F1-2026-ESP	GENERAL	150.00	G4-A06	G4	t
TKT-0316	F1-2026-ESP	GENERAL	150.00	G4-B06	G4	t
TKT-0326	F1-2026-ESP	GENERAL	150.00	G4-C06	G4	t
TKT-0336	F1-2026-ESP	GENERAL	150.00	G4-D06	G4	t
TKT-0346	F1-2026-ESP	GENERAL	150.00	G4-E06	G4	t
TKT-0356	F1-2026-ESP	GENERAL	150.00	G4-F06	G4	t
TKT-0366	F1-2026-ESP	GENERAL	150.00	G4-G06	G4	t
TKT-0376	F1-2026-ESP	GENERAL	150.00	G4-H06	G4	t
TKT-0386	F1-2026-ESP	GENERAL	150.00	G4-I06	G4	t
TKT-0396	F1-2026-ESP	GENERAL	150.00	G4-J06	G4	t
TKT-0406	F1-2026-ESP	GENERAL	150.00	G5-A06	G5	t
TKT-0416	F1-2026-ESP	GENERAL	150.00	G5-B06	G5	t
TKT-0426	F1-2026-ESP	GENERAL	150.00	G5-C06	G5	t
TKT-0436	F1-2026-ESP	GENERAL	150.00	G5-D06	G5	t
TKT-0446	F1-2026-ESP	GENERAL	150.00	G5-E06	G5	t
TKT-0456	F1-2026-ESP	GENERAL	150.00	G5-F06	G5	t
TKT-0466	F1-2026-ESP	GENERAL	150.00	G5-G06	G5	t
TKT-0476	F1-2026-ESP	GENERAL	150.00	G5-H06	G5	t
TKT-0486	F1-2026-ESP	GENERAL	150.00	G5-I06	G5	t
TKT-0496	F1-2026-ESP	GENERAL	150.00	G5-J06	G5	t
TKT-0506	F1-2026-ESP	GENERAL	150.00	G6-A06	G6	t
TKT-0516	F1-2026-ESP	GENERAL	150.00	G6-B06	G6	t
TKT-0526	F1-2026-ESP	GENERAL	150.00	G6-C06	G6	t
TKT-0536	F1-2026-ESP	GENERAL	150.00	G6-D06	G6	t
TKT-0546	F1-2026-ESP	GENERAL	150.00	G6-E06	G6	t
TKT-0556	F1-2026-ESP	GENERAL	150.00	G6-F06	G6	t
TKT-0566	F1-2026-ESP	GENERAL	150.00	G6-G06	G6	t
TKT-0576	F1-2026-ESP	GENERAL	150.00	G6-H06	G6	t
TKT-0586	F1-2026-ESP	GENERAL	150.00	G6-I06	G6	t
TKT-0596	F1-2026-ESP	GENERAL	150.00	G6-J06	G6	t
TKT-0606	F1-2026-ESP	GENERAL	150.00	G7-A06	G7	t
TKT-0616	F1-2026-ESP	GENERAL	150.00	G7-B06	G7	t
TKT-0626	F1-2026-ESP	GENERAL	150.00	G7-C06	G7	t
TKT-0636	F1-2026-ESP	GENERAL	150.00	G7-D06	G7	t
TKT-0646	F1-2026-ESP	GENERAL	150.00	G7-E06	G7	t
TKT-0656	F1-2026-ESP	GENERAL	150.00	G7-F06	G7	t
TKT-0666	F1-2026-ESP	GENERAL	150.00	G7-G06	G7	t
TKT-0676	F1-2026-ESP	GENERAL	150.00	G7-H06	G7	t
TKT-0686	F1-2026-ESP	GENERAL	150.00	G7-I06	G7	t
TKT-0696	F1-2026-ESP	GENERAL	150.00	G7-J06	G7	t
TKT-0706	F1-2026-ESP	GENERAL	150.00	G8-A06	G8	t
TKT-0716	F1-2026-ESP	GENERAL	150.00	G8-B06	G8	t
TKT-0726	F1-2026-ESP	GENERAL	150.00	G8-C06	G8	t
TKT-0736	F1-2026-ESP	GENERAL	150.00	G8-D06	G8	t
TKT-0746	F1-2026-ESP	GENERAL	150.00	G8-E06	G8	t
TKT-0756	F1-2026-ESP	GENERAL	150.00	G8-F06	G8	t
TKT-0766	F1-2026-ESP	GENERAL	150.00	G8-G06	G8	t
TKT-0776	F1-2026-ESP	GENERAL	150.00	G8-H06	G8	t
TKT-0786	F1-2026-ESP	GENERAL	150.00	G8-I06	G8	t
TKT-0796	F1-2026-ESP	GENERAL	150.00	G8-J06	G8	t
TKT-0206	F1-2026-ESP	GENERAL	150.00	G3-A06	G3	t
TKT-0216	F1-2026-ESP	GENERAL	150.00	G3-B06	G3	t
TKT-0226	F1-2026-ESP	GENERAL	150.00	G3-C06	G3	t
TKT-0236	F1-2026-ESP	GENERAL	150.00	G3-D06	G3	t
TKT-0246	F1-2026-ESP	GENERAL	150.00	G3-E06	G3	t
TKT-0027	F1-2026-ESP	GENERAL	150.00	G1-C07	G1	t
TKT-0037	F1-2026-ESP	GENERAL	150.00	G1-D07	G1	t
TKT-0047	F1-2026-ESP	GENERAL	150.00	G1-E07	G1	t
TKT-0057	F1-2026-ESP	GENERAL	150.00	G1-F07	G1	t
TKT-0067	F1-2026-ESP	GENERAL	150.00	G1-G07	G1	t
TKT-0077	F1-2026-ESP	GENERAL	150.00	G1-H07	G1	t
TKT-0087	F1-2026-ESP	GENERAL	150.00	G1-I07	G1	t
TKT-0097	F1-2026-ESP	GENERAL	150.00	G1-J07	G1	t
TKT-0107	F1-2026-ESP	GENERAL	150.00	G2-A07	G2	t
TKT-0117	F1-2026-ESP	GENERAL	150.00	G2-B07	G2	t
TKT-0127	F1-2026-ESP	GENERAL	150.00	G2-C07	G2	t
TKT-0137	F1-2026-ESP	GENERAL	150.00	G2-D07	G2	t
TKT-0147	F1-2026-ESP	GENERAL	150.00	G2-E07	G2	t
TKT-0157	F1-2026-ESP	GENERAL	150.00	G2-F07	G2	t
TKT-0167	F1-2026-ESP	GENERAL	150.00	G2-G07	G2	t
TKT-0177	F1-2026-ESP	GENERAL	150.00	G2-H07	G2	t
TKT-0187	F1-2026-ESP	GENERAL	150.00	G2-I07	G2	t
TKT-0197	F1-2026-ESP	GENERAL	150.00	G2-J07	G2	t
TKT-0257	F1-2026-ESP	GENERAL	150.00	G3-F07	G3	t
TKT-0267	F1-2026-ESP	GENERAL	150.00	G3-G07	G3	t
TKT-0277	F1-2026-ESP	GENERAL	150.00	G3-H07	G3	t
TKT-0287	F1-2026-ESP	GENERAL	150.00	G3-I07	G3	t
TKT-0297	F1-2026-ESP	GENERAL	150.00	G3-J07	G3	t
TKT-0307	F1-2026-ESP	GENERAL	150.00	G4-A07	G4	t
TKT-0317	F1-2026-ESP	GENERAL	150.00	G4-B07	G4	t
TKT-0327	F1-2026-ESP	GENERAL	150.00	G4-C07	G4	t
TKT-0337	F1-2026-ESP	GENERAL	150.00	G4-D07	G4	t
TKT-0347	F1-2026-ESP	GENERAL	150.00	G4-E07	G4	t
TKT-0357	F1-2026-ESP	GENERAL	150.00	G4-F07	G4	t
TKT-0367	F1-2026-ESP	GENERAL	150.00	G4-G07	G4	t
TKT-0377	F1-2026-ESP	GENERAL	150.00	G4-H07	G4	t
TKT-0387	F1-2026-ESP	GENERAL	150.00	G4-I07	G4	t
TKT-0397	F1-2026-ESP	GENERAL	150.00	G4-J07	G4	t
TKT-0407	F1-2026-ESP	GENERAL	150.00	G5-A07	G5	t
TKT-0417	F1-2026-ESP	GENERAL	150.00	G5-B07	G5	t
TKT-0427	F1-2026-ESP	GENERAL	150.00	G5-C07	G5	t
TKT-0437	F1-2026-ESP	GENERAL	150.00	G5-D07	G5	t
TKT-0447	F1-2026-ESP	GENERAL	150.00	G5-E07	G5	t
TKT-0457	F1-2026-ESP	GENERAL	150.00	G5-F07	G5	t
TKT-0467	F1-2026-ESP	GENERAL	150.00	G5-G07	G5	t
TKT-0477	F1-2026-ESP	GENERAL	150.00	G5-H07	G5	t
TKT-0487	F1-2026-ESP	GENERAL	150.00	G5-I07	G5	t
TKT-0497	F1-2026-ESP	GENERAL	150.00	G5-J07	G5	t
TKT-0507	F1-2026-ESP	GENERAL	150.00	G6-A07	G6	t
TKT-0517	F1-2026-ESP	GENERAL	150.00	G6-B07	G6	t
TKT-0527	F1-2026-ESP	GENERAL	150.00	G6-C07	G6	t
TKT-0537	F1-2026-ESP	GENERAL	150.00	G6-D07	G6	t
TKT-0547	F1-2026-ESP	GENERAL	150.00	G6-E07	G6	t
TKT-0017	F1-2026-ESP	GENERAL	150.00	G1-B07	G1	f
TKT-0557	F1-2026-ESP	GENERAL	150.00	G6-F07	G6	t
TKT-0567	F1-2026-ESP	GENERAL	150.00	G6-G07	G6	t
TKT-0577	F1-2026-ESP	GENERAL	150.00	G6-H07	G6	t
TKT-0587	F1-2026-ESP	GENERAL	150.00	G6-I07	G6	t
TKT-0597	F1-2026-ESP	GENERAL	150.00	G6-J07	G6	t
TKT-0607	F1-2026-ESP	GENERAL	150.00	G7-A07	G7	t
TKT-0617	F1-2026-ESP	GENERAL	150.00	G7-B07	G7	t
TKT-0627	F1-2026-ESP	GENERAL	150.00	G7-C07	G7	t
TKT-0637	F1-2026-ESP	GENERAL	150.00	G7-D07	G7	t
TKT-0647	F1-2026-ESP	GENERAL	150.00	G7-E07	G7	t
TKT-0657	F1-2026-ESP	GENERAL	150.00	G7-F07	G7	t
TKT-0667	F1-2026-ESP	GENERAL	150.00	G7-G07	G7	t
TKT-0677	F1-2026-ESP	GENERAL	150.00	G7-H07	G7	t
TKT-0687	F1-2026-ESP	GENERAL	150.00	G7-I07	G7	t
TKT-0697	F1-2026-ESP	GENERAL	150.00	G7-J07	G7	t
TKT-0707	F1-2026-ESP	GENERAL	150.00	G8-A07	G8	t
TKT-0717	F1-2026-ESP	GENERAL	150.00	G8-B07	G8	t
TKT-0727	F1-2026-ESP	GENERAL	150.00	G8-C07	G8	t
TKT-0737	F1-2026-ESP	GENERAL	150.00	G8-D07	G8	t
TKT-0747	F1-2026-ESP	GENERAL	150.00	G8-E07	G8	t
TKT-0757	F1-2026-ESP	GENERAL	150.00	G8-F07	G8	t
TKT-0767	F1-2026-ESP	GENERAL	150.00	G8-G07	G8	t
TKT-0777	F1-2026-ESP	GENERAL	150.00	G8-H07	G8	t
TKT-0787	F1-2026-ESP	GENERAL	150.00	G8-I07	G8	t
TKT-0797	F1-2026-ESP	GENERAL	150.00	G8-J07	G8	t
TKT-0207	F1-2026-ESP	GENERAL	150.00	G3-A07	G3	t
TKT-0217	F1-2026-ESP	GENERAL	150.00	G3-B07	G3	t
TKT-0227	F1-2026-ESP	GENERAL	150.00	G3-C07	G3	t
TKT-0237	F1-2026-ESP	GENERAL	150.00	G3-D07	G3	t
TKT-0247	F1-2026-ESP	GENERAL	150.00	G3-E07	G3	t
TKT-0028	F1-2026-ESP	GENERAL	150.00	G1-C08	G1	t
TKT-0038	F1-2026-ESP	GENERAL	150.00	G1-D08	G1	t
TKT-0048	F1-2026-ESP	GENERAL	150.00	G1-E08	G1	t
TKT-0058	F1-2026-ESP	GENERAL	150.00	G1-F08	G1	t
TKT-0068	F1-2026-ESP	GENERAL	150.00	G1-G08	G1	t
TKT-0078	F1-2026-ESP	GENERAL	150.00	G1-H08	G1	t
TKT-0088	F1-2026-ESP	GENERAL	150.00	G1-I08	G1	t
TKT-0098	F1-2026-ESP	GENERAL	150.00	G1-J08	G1	t
TKT-0108	F1-2026-ESP	GENERAL	150.00	G2-A08	G2	t
TKT-0118	F1-2026-ESP	GENERAL	150.00	G2-B08	G2	t
TKT-0128	F1-2026-ESP	GENERAL	150.00	G2-C08	G2	t
TKT-0138	F1-2026-ESP	GENERAL	150.00	G2-D08	G2	t
TKT-0148	F1-2026-ESP	GENERAL	150.00	G2-E08	G2	t
TKT-0158	F1-2026-ESP	GENERAL	150.00	G2-F08	G2	t
TKT-0168	F1-2026-ESP	GENERAL	150.00	G2-G08	G2	t
TKT-0178	F1-2026-ESP	GENERAL	150.00	G2-H08	G2	t
TKT-0188	F1-2026-ESP	GENERAL	150.00	G2-I08	G2	t
TKT-0198	F1-2026-ESP	GENERAL	150.00	G2-J08	G2	t
TKT-0258	F1-2026-ESP	GENERAL	150.00	G3-F08	G3	t
TKT-0268	F1-2026-ESP	GENERAL	150.00	G3-G08	G3	t
TKT-0278	F1-2026-ESP	GENERAL	150.00	G3-H08	G3	t
TKT-0288	F1-2026-ESP	GENERAL	150.00	G3-I08	G3	t
TKT-0298	F1-2026-ESP	GENERAL	150.00	G3-J08	G3	t
TKT-0308	F1-2026-ESP	GENERAL	150.00	G4-A08	G4	t
TKT-0318	F1-2026-ESP	GENERAL	150.00	G4-B08	G4	t
TKT-0328	F1-2026-ESP	GENERAL	150.00	G4-C08	G4	t
TKT-0338	F1-2026-ESP	GENERAL	150.00	G4-D08	G4	t
TKT-0348	F1-2026-ESP	GENERAL	150.00	G4-E08	G4	t
TKT-0358	F1-2026-ESP	GENERAL	150.00	G4-F08	G4	t
TKT-0368	F1-2026-ESP	GENERAL	150.00	G4-G08	G4	t
TKT-0378	F1-2026-ESP	GENERAL	150.00	G4-H08	G4	t
TKT-0388	F1-2026-ESP	GENERAL	150.00	G4-I08	G4	t
TKT-0398	F1-2026-ESP	GENERAL	150.00	G4-J08	G4	t
TKT-0408	F1-2026-ESP	GENERAL	150.00	G5-A08	G5	t
TKT-0418	F1-2026-ESP	GENERAL	150.00	G5-B08	G5	t
TKT-0428	F1-2026-ESP	GENERAL	150.00	G5-C08	G5	t
TKT-0438	F1-2026-ESP	GENERAL	150.00	G5-D08	G5	t
TKT-0448	F1-2026-ESP	GENERAL	150.00	G5-E08	G5	t
TKT-0458	F1-2026-ESP	GENERAL	150.00	G5-F08	G5	t
TKT-0468	F1-2026-ESP	GENERAL	150.00	G5-G08	G5	t
TKT-0478	F1-2026-ESP	GENERAL	150.00	G5-H08	G5	t
TKT-0488	F1-2026-ESP	GENERAL	150.00	G5-I08	G5	t
TKT-0498	F1-2026-ESP	GENERAL	150.00	G5-J08	G5	t
TKT-0508	F1-2026-ESP	GENERAL	150.00	G6-A08	G6	t
TKT-0518	F1-2026-ESP	GENERAL	150.00	G6-B08	G6	t
TKT-0528	F1-2026-ESP	GENERAL	150.00	G6-C08	G6	t
TKT-0538	F1-2026-ESP	GENERAL	150.00	G6-D08	G6	t
TKT-0548	F1-2026-ESP	GENERAL	150.00	G6-E08	G6	t
TKT-0558	F1-2026-ESP	GENERAL	150.00	G6-F08	G6	t
TKT-0568	F1-2026-ESP	GENERAL	150.00	G6-G08	G6	t
TKT-0578	F1-2026-ESP	GENERAL	150.00	G6-H08	G6	t
TKT-0588	F1-2026-ESP	GENERAL	150.00	G6-I08	G6	t
TKT-0598	F1-2026-ESP	GENERAL	150.00	G6-J08	G6	t
TKT-0608	F1-2026-ESP	GENERAL	150.00	G7-A08	G7	t
TKT-0618	F1-2026-ESP	GENERAL	150.00	G7-B08	G7	t
TKT-0628	F1-2026-ESP	GENERAL	150.00	G7-C08	G7	t
TKT-0638	F1-2026-ESP	GENERAL	150.00	G7-D08	G7	t
TKT-0648	F1-2026-ESP	GENERAL	150.00	G7-E08	G7	t
TKT-0658	F1-2026-ESP	GENERAL	150.00	G7-F08	G7	t
TKT-0668	F1-2026-ESP	GENERAL	150.00	G7-G08	G7	t
TKT-0678	F1-2026-ESP	GENERAL	150.00	G7-H08	G7	t
TKT-0688	F1-2026-ESP	GENERAL	150.00	G7-I08	G7	t
TKT-0698	F1-2026-ESP	GENERAL	150.00	G7-J08	G7	t
TKT-0708	F1-2026-ESP	GENERAL	150.00	G8-A08	G8	t
TKT-0718	F1-2026-ESP	GENERAL	150.00	G8-B08	G8	t
TKT-0728	F1-2026-ESP	GENERAL	150.00	G8-C08	G8	t
TKT-0738	F1-2026-ESP	GENERAL	150.00	G8-D08	G8	t
TKT-0748	F1-2026-ESP	GENERAL	150.00	G8-E08	G8	t
TKT-0758	F1-2026-ESP	GENERAL	150.00	G8-F08	G8	t
TKT-0768	F1-2026-ESP	GENERAL	150.00	G8-G08	G8	t
TKT-0778	F1-2026-ESP	GENERAL	150.00	G8-H08	G8	t
TKT-0788	F1-2026-ESP	GENERAL	150.00	G8-I08	G8	t
TKT-0798	F1-2026-ESP	GENERAL	150.00	G8-J08	G8	t
TKT-0208	F1-2026-ESP	GENERAL	150.00	G3-A08	G3	t
TKT-0218	F1-2026-ESP	GENERAL	150.00	G3-B08	G3	t
TKT-0018	F1-2026-ESP	GENERAL	150.00	G1-B08	G1	f
TKT-0228	F1-2026-ESP	GENERAL	150.00	G3-C08	G3	t
TKT-0238	F1-2026-ESP	GENERAL	150.00	G3-D08	G3	t
TKT-0248	F1-2026-ESP	GENERAL	150.00	G3-E08	G3	t
TKT-0029	F1-2026-ESP	GENERAL	150.00	G1-C09	G1	t
TKT-0039	F1-2026-ESP	GENERAL	150.00	G1-D09	G1	t
TKT-0049	F1-2026-ESP	GENERAL	150.00	G1-E09	G1	t
TKT-0059	F1-2026-ESP	GENERAL	150.00	G1-F09	G1	t
TKT-0069	F1-2026-ESP	GENERAL	150.00	G1-G09	G1	t
TKT-0079	F1-2026-ESP	GENERAL	150.00	G1-H09	G1	t
TKT-0089	F1-2026-ESP	GENERAL	150.00	G1-I09	G1	t
TKT-0099	F1-2026-ESP	GENERAL	150.00	G1-J09	G1	t
TKT-0109	F1-2026-ESP	GENERAL	150.00	G2-A09	G2	t
TKT-0119	F1-2026-ESP	GENERAL	150.00	G2-B09	G2	t
TKT-0129	F1-2026-ESP	GENERAL	150.00	G2-C09	G2	t
TKT-0139	F1-2026-ESP	GENERAL	150.00	G2-D09	G2	t
TKT-0149	F1-2026-ESP	GENERAL	150.00	G2-E09	G2	t
TKT-0159	F1-2026-ESP	GENERAL	150.00	G2-F09	G2	t
TKT-0169	F1-2026-ESP	GENERAL	150.00	G2-G09	G2	t
TKT-0179	F1-2026-ESP	GENERAL	150.00	G2-H09	G2	t
TKT-0189	F1-2026-ESP	GENERAL	150.00	G2-I09	G2	t
TKT-0199	F1-2026-ESP	GENERAL	150.00	G2-J09	G2	t
TKT-0259	F1-2026-ESP	GENERAL	150.00	G3-F09	G3	t
TKT-0269	F1-2026-ESP	GENERAL	150.00	G3-G09	G3	t
TKT-0279	F1-2026-ESP	GENERAL	150.00	G3-H09	G3	t
TKT-0289	F1-2026-ESP	GENERAL	150.00	G3-I09	G3	t
TKT-0299	F1-2026-ESP	GENERAL	150.00	G3-J09	G3	t
TKT-0309	F1-2026-ESP	GENERAL	150.00	G4-A09	G4	t
TKT-0319	F1-2026-ESP	GENERAL	150.00	G4-B09	G4	t
TKT-0329	F1-2026-ESP	GENERAL	150.00	G4-C09	G4	t
TKT-0339	F1-2026-ESP	GENERAL	150.00	G4-D09	G4	t
TKT-0349	F1-2026-ESP	GENERAL	150.00	G4-E09	G4	t
TKT-0359	F1-2026-ESP	GENERAL	150.00	G4-F09	G4	t
TKT-0369	F1-2026-ESP	GENERAL	150.00	G4-G09	G4	t
TKT-0379	F1-2026-ESP	GENERAL	150.00	G4-H09	G4	t
TKT-0389	F1-2026-ESP	GENERAL	150.00	G4-I09	G4	t
TKT-0399	F1-2026-ESP	GENERAL	150.00	G4-J09	G4	t
TKT-0409	F1-2026-ESP	GENERAL	150.00	G5-A09	G5	t
TKT-0419	F1-2026-ESP	GENERAL	150.00	G5-B09	G5	t
TKT-0429	F1-2026-ESP	GENERAL	150.00	G5-C09	G5	t
TKT-0439	F1-2026-ESP	GENERAL	150.00	G5-D09	G5	t
TKT-0449	F1-2026-ESP	GENERAL	150.00	G5-E09	G5	t
TKT-0459	F1-2026-ESP	GENERAL	150.00	G5-F09	G5	t
TKT-0469	F1-2026-ESP	GENERAL	150.00	G5-G09	G5	t
TKT-0479	F1-2026-ESP	GENERAL	150.00	G5-H09	G5	t
TKT-0489	F1-2026-ESP	GENERAL	150.00	G5-I09	G5	t
TKT-0499	F1-2026-ESP	GENERAL	150.00	G5-J09	G5	t
TKT-0509	F1-2026-ESP	GENERAL	150.00	G6-A09	G6	t
TKT-0519	F1-2026-ESP	GENERAL	150.00	G6-B09	G6	t
TKT-0529	F1-2026-ESP	GENERAL	150.00	G6-C09	G6	t
TKT-0539	F1-2026-ESP	GENERAL	150.00	G6-D09	G6	t
TKT-0549	F1-2026-ESP	GENERAL	150.00	G6-E09	G6	t
TKT-0559	F1-2026-ESP	GENERAL	150.00	G6-F09	G6	t
TKT-0569	F1-2026-ESP	GENERAL	150.00	G6-G09	G6	t
TKT-0579	F1-2026-ESP	GENERAL	150.00	G6-H09	G6	t
TKT-0589	F1-2026-ESP	GENERAL	150.00	G6-I09	G6	t
TKT-0599	F1-2026-ESP	GENERAL	150.00	G6-J09	G6	t
TKT-0609	F1-2026-ESP	GENERAL	150.00	G7-A09	G7	t
TKT-0619	F1-2026-ESP	GENERAL	150.00	G7-B09	G7	t
TKT-0629	F1-2026-ESP	GENERAL	150.00	G7-C09	G7	t
TKT-0639	F1-2026-ESP	GENERAL	150.00	G7-D09	G7	t
TKT-0649	F1-2026-ESP	GENERAL	150.00	G7-E09	G7	t
TKT-0659	F1-2026-ESP	GENERAL	150.00	G7-F09	G7	t
TKT-0669	F1-2026-ESP	GENERAL	150.00	G7-G09	G7	t
TKT-0679	F1-2026-ESP	GENERAL	150.00	G7-H09	G7	t
TKT-0689	F1-2026-ESP	GENERAL	150.00	G7-I09	G7	t
TKT-0699	F1-2026-ESP	GENERAL	150.00	G7-J09	G7	t
TKT-0709	F1-2026-ESP	GENERAL	150.00	G8-A09	G8	t
TKT-0719	F1-2026-ESP	GENERAL	150.00	G8-B09	G8	t
TKT-0729	F1-2026-ESP	GENERAL	150.00	G8-C09	G8	t
TKT-0739	F1-2026-ESP	GENERAL	150.00	G8-D09	G8	t
TKT-0749	F1-2026-ESP	GENERAL	150.00	G8-E09	G8	t
TKT-0759	F1-2026-ESP	GENERAL	150.00	G8-F09	G8	t
TKT-0769	F1-2026-ESP	GENERAL	150.00	G8-G09	G8	t
TKT-0779	F1-2026-ESP	GENERAL	150.00	G8-H09	G8	t
TKT-0789	F1-2026-ESP	GENERAL	150.00	G8-I09	G8	t
TKT-0799	F1-2026-ESP	GENERAL	150.00	G8-J09	G8	t
TKT-0209	F1-2026-ESP	GENERAL	150.00	G3-A09	G3	t
TKT-0219	F1-2026-ESP	GENERAL	150.00	G3-B09	G3	t
TKT-0229	F1-2026-ESP	GENERAL	150.00	G3-C09	G3	t
TKT-0239	F1-2026-ESP	GENERAL	150.00	G3-D09	G3	t
TKT-0249	F1-2026-ESP	GENERAL	150.00	G3-E09	G3	t
TKT-0020	F1-2026-ESP	GENERAL	150.00	G1-B10	G1	t
TKT-0030	F1-2026-ESP	GENERAL	150.00	G1-C10	G1	t
TKT-0040	F1-2026-ESP	GENERAL	150.00	G1-D10	G1	t
TKT-0050	F1-2026-ESP	GENERAL	150.00	G1-E10	G1	t
TKT-0060	F1-2026-ESP	GENERAL	150.00	G1-F10	G1	t
TKT-0070	F1-2026-ESP	GENERAL	150.00	G1-G10	G1	t
TKT-0080	F1-2026-ESP	GENERAL	150.00	G1-H10	G1	t
TKT-0090	F1-2026-ESP	GENERAL	150.00	G1-I10	G1	t
TKT-0100	F1-2026-ESP	GENERAL	150.00	G1-J10	G1	t
TKT-0110	F1-2026-ESP	GENERAL	150.00	G2-A10	G2	t
TKT-0120	F1-2026-ESP	GENERAL	150.00	G2-B10	G2	t
TKT-0130	F1-2026-ESP	GENERAL	150.00	G2-C10	G2	t
TKT-0140	F1-2026-ESP	GENERAL	150.00	G2-D10	G2	t
TKT-0150	F1-2026-ESP	GENERAL	150.00	G2-E10	G2	t
TKT-0160	F1-2026-ESP	GENERAL	150.00	G2-F10	G2	t
TKT-0170	F1-2026-ESP	GENERAL	150.00	G2-G10	G2	t
TKT-0180	F1-2026-ESP	GENERAL	150.00	G2-H10	G2	t
TKT-0190	F1-2026-ESP	GENERAL	150.00	G2-I10	G2	t
TKT-0200	F1-2026-ESP	GENERAL	150.00	G2-J10	G2	t
TKT-0260	F1-2026-ESP	GENERAL	150.00	G3-F10	G3	t
TKT-0270	F1-2026-ESP	GENERAL	150.00	G3-G10	G3	t
TKT-0280	F1-2026-ESP	GENERAL	150.00	G3-H10	G3	t
TKT-0290	F1-2026-ESP	GENERAL	150.00	G3-I10	G3	t
TKT-0010	F1-2026-ESP	GENERAL	150.00	G1-A10	G1	f
TKT-0019	F1-2026-ESP	GENERAL	150.00	G1-B09	G1	f
TKT-0300	F1-2026-ESP	GENERAL	150.00	G3-J10	G3	t
TKT-0310	F1-2026-ESP	GENERAL	150.00	G4-A10	G4	t
TKT-0320	F1-2026-ESP	GENERAL	150.00	G4-B10	G4	t
TKT-0330	F1-2026-ESP	GENERAL	150.00	G4-C10	G4	t
TKT-0340	F1-2026-ESP	GENERAL	150.00	G4-D10	G4	t
TKT-0350	F1-2026-ESP	GENERAL	150.00	G4-E10	G4	t
TKT-0360	F1-2026-ESP	GENERAL	150.00	G4-F10	G4	t
TKT-0370	F1-2026-ESP	GENERAL	150.00	G4-G10	G4	t
TKT-0380	F1-2026-ESP	GENERAL	150.00	G4-H10	G4	t
TKT-0390	F1-2026-ESP	GENERAL	150.00	G4-I10	G4	t
TKT-0400	F1-2026-ESP	GENERAL	150.00	G4-J10	G4	t
TKT-0410	F1-2026-ESP	GENERAL	150.00	G5-A10	G5	t
TKT-0420	F1-2026-ESP	GENERAL	150.00	G5-B10	G5	t
TKT-0430	F1-2026-ESP	GENERAL	150.00	G5-C10	G5	t
TKT-0440	F1-2026-ESP	GENERAL	150.00	G5-D10	G5	t
TKT-0450	F1-2026-ESP	GENERAL	150.00	G5-E10	G5	t
TKT-0460	F1-2026-ESP	GENERAL	150.00	G5-F10	G5	t
TKT-0470	F1-2026-ESP	GENERAL	150.00	G5-G10	G5	t
TKT-0480	F1-2026-ESP	GENERAL	150.00	G5-H10	G5	t
TKT-0490	F1-2026-ESP	GENERAL	150.00	G5-I10	G5	t
TKT-0500	F1-2026-ESP	GENERAL	150.00	G5-J10	G5	t
TKT-0510	F1-2026-ESP	GENERAL	150.00	G6-A10	G6	t
TKT-0520	F1-2026-ESP	GENERAL	150.00	G6-B10	G6	t
TKT-0530	F1-2026-ESP	GENERAL	150.00	G6-C10	G6	t
TKT-0540	F1-2026-ESP	GENERAL	150.00	G6-D10	G6	t
TKT-0550	F1-2026-ESP	GENERAL	150.00	G6-E10	G6	t
TKT-0560	F1-2026-ESP	GENERAL	150.00	G6-F10	G6	t
TKT-0570	F1-2026-ESP	GENERAL	150.00	G6-G10	G6	t
TKT-0580	F1-2026-ESP	GENERAL	150.00	G6-H10	G6	t
TKT-0590	F1-2026-ESP	GENERAL	150.00	G6-I10	G6	t
TKT-0600	F1-2026-ESP	GENERAL	150.00	G6-J10	G6	t
TKT-0610	F1-2026-ESP	GENERAL	150.00	G7-A10	G7	t
TKT-0620	F1-2026-ESP	GENERAL	150.00	G7-B10	G7	t
TKT-0630	F1-2026-ESP	GENERAL	150.00	G7-C10	G7	t
TKT-0640	F1-2026-ESP	GENERAL	150.00	G7-D10	G7	t
TKT-0650	F1-2026-ESP	GENERAL	150.00	G7-E10	G7	t
TKT-0660	F1-2026-ESP	GENERAL	150.00	G7-F10	G7	t
TKT-0670	F1-2026-ESP	GENERAL	150.00	G7-G10	G7	t
TKT-0680	F1-2026-ESP	GENERAL	150.00	G7-H10	G7	t
TKT-0690	F1-2026-ESP	GENERAL	150.00	G7-I10	G7	t
TKT-0700	F1-2026-ESP	GENERAL	150.00	G7-J10	G7	t
TKT-0710	F1-2026-ESP	GENERAL	150.00	G8-A10	G8	t
TKT-0720	F1-2026-ESP	GENERAL	150.00	G8-B10	G8	t
TKT-0730	F1-2026-ESP	GENERAL	150.00	G8-C10	G8	t
TKT-0740	F1-2026-ESP	GENERAL	150.00	G8-D10	G8	t
TKT-0750	F1-2026-ESP	GENERAL	150.00	G8-E10	G8	t
TKT-0760	F1-2026-ESP	GENERAL	150.00	G8-F10	G8	t
TKT-0770	F1-2026-ESP	GENERAL	150.00	G8-G10	G8	t
TKT-0780	F1-2026-ESP	GENERAL	150.00	G8-H10	G8	t
TKT-0790	F1-2026-ESP	GENERAL	150.00	G8-I10	G8	t
TKT-0800	F1-2026-ESP	GENERAL	150.00	G8-J10	G8	t
TKT-V001	F1-2026-ESP	VIP	450.00	V1-A01	V1	f
TKT-V011	F1-2026-ESP	VIP	450.00	V1-B01	V1	f
TKT-V051	F1-2026-ESP	VIP	450.00	V1-F01	V1	t
TKT-V052	F1-2026-ESP	VIP	450.00	V1-F02	V1	t
TKT-V061	F1-2026-ESP	VIP	450.00	V1-G01	V1	t
TKT-V071	F1-2026-ESP	VIP	450.00	V1-H01	V1	t
TKT-V081	F1-2026-ESP	VIP	450.00	V1-I01	V1	t
TKT-V091	F1-2026-ESP	VIP	450.00	V1-J01	V1	t
TKT-V101	F1-2026-ESP	VIP	450.00	V2-A01	V2	t
TKT-V111	F1-2026-ESP	VIP	450.00	V2-B01	V2	t
TKT-V121	F1-2026-ESP	VIP	450.00	V2-C01	V2	t
TKT-V131	F1-2026-ESP	VIP	450.00	V2-D01	V2	t
TKT-V141	F1-2026-ESP	VIP	450.00	V2-E01	V2	t
TKT-V151	F1-2026-ESP	VIP	450.00	V2-F01	V2	t
TKT-V161	F1-2026-ESP	VIP	450.00	V2-G01	V2	t
TKT-V171	F1-2026-ESP	VIP	450.00	V2-H01	V2	t
TKT-V181	F1-2026-ESP	VIP	450.00	V2-I01	V2	t
TKT-V191	F1-2026-ESP	VIP	450.00	V2-J01	V2	t
TKT-V053	F1-2026-ESP	VIP	450.00	V1-F03	V1	t
TKT-0210	F1-2026-ESP	GENERAL	150.00	G3-A10	G3	t
TKT-0220	F1-2026-ESP	GENERAL	150.00	G3-B10	G3	t
TKT-0230	F1-2026-ESP	GENERAL	150.00	G3-C10	G3	t
TKT-0240	F1-2026-ESP	GENERAL	150.00	G3-D10	G3	t
TKT-V062	F1-2026-ESP	VIP	450.00	V1-G02	V1	t
TKT-V072	F1-2026-ESP	VIP	450.00	V1-H02	V1	t
TKT-V082	F1-2026-ESP	VIP	450.00	V1-I02	V1	t
TKT-V092	F1-2026-ESP	VIP	450.00	V1-J02	V1	t
TKT-V102	F1-2026-ESP	VIP	450.00	V2-A02	V2	t
TKT-V112	F1-2026-ESP	VIP	450.00	V2-B02	V2	t
TKT-V122	F1-2026-ESP	VIP	450.00	V2-C02	V2	t
TKT-V132	F1-2026-ESP	VIP	450.00	V2-D02	V2	t
TKT-V142	F1-2026-ESP	VIP	450.00	V2-E02	V2	t
TKT-V152	F1-2026-ESP	VIP	450.00	V2-F02	V2	t
TKT-V162	F1-2026-ESP	VIP	450.00	V2-G02	V2	t
TKT-V172	F1-2026-ESP	VIP	450.00	V2-H02	V2	t
TKT-V182	F1-2026-ESP	VIP	450.00	V2-I02	V2	t
TKT-V192	F1-2026-ESP	VIP	450.00	V2-J02	V2	t
TKT-0250	F1-2026-ESP	GENERAL	150.00	G3-E10	G3	t
TKT-V021	F1-2026-ESP	VIP	450.00	V1-C01	V1	t
TKT-V031	F1-2026-ESP	VIP	450.00	V1-D01	V1	t
TKT-V063	F1-2026-ESP	VIP	450.00	V1-G03	V1	t
TKT-V073	F1-2026-ESP	VIP	450.00	V1-H03	V1	t
TKT-V083	F1-2026-ESP	VIP	450.00	V1-I03	V1	t
TKT-V093	F1-2026-ESP	VIP	450.00	V1-J03	V1	t
TKT-V103	F1-2026-ESP	VIP	450.00	V2-A03	V2	t
TKT-V113	F1-2026-ESP	VIP	450.00	V2-B03	V2	t
TKT-V123	F1-2026-ESP	VIP	450.00	V2-C03	V2	t
TKT-V133	F1-2026-ESP	VIP	450.00	V2-D03	V2	t
TKT-V143	F1-2026-ESP	VIP	450.00	V2-E03	V2	t
TKT-V153	F1-2026-ESP	VIP	450.00	V2-F03	V2	t
TKT-V163	F1-2026-ESP	VIP	450.00	V2-G03	V2	t
TKT-V173	F1-2026-ESP	VIP	450.00	V2-H03	V2	t
TKT-V183	F1-2026-ESP	VIP	450.00	V2-I03	V2	t
TKT-V193	F1-2026-ESP	VIP	450.00	V2-J03	V2	t
TKT-V002	F1-2026-ESP	VIP	450.00	V1-A02	V1	f
TKT-V003	F1-2026-ESP	VIP	450.00	V1-A03	V1	f
TKT-V054	F1-2026-ESP	VIP	450.00	V1-F04	V1	t
TKT-V055	F1-2026-ESP	VIP	450.00	V1-F05	V1	t
TKT-V041	F1-2026-ESP	VIP	450.00	V1-E01	V1	t
TKT-V004	F1-2026-ESP	VIP	450.00	V1-A04	V1	f
TKT-V064	F1-2026-ESP	VIP	450.00	V1-G04	V1	t
TKT-V074	F1-2026-ESP	VIP	450.00	V1-H04	V1	t
TKT-V084	F1-2026-ESP	VIP	450.00	V1-I04	V1	t
TKT-V094	F1-2026-ESP	VIP	450.00	V1-J04	V1	t
TKT-V104	F1-2026-ESP	VIP	450.00	V2-A04	V2	t
TKT-V114	F1-2026-ESP	VIP	450.00	V2-B04	V2	t
TKT-V124	F1-2026-ESP	VIP	450.00	V2-C04	V2	t
TKT-V134	F1-2026-ESP	VIP	450.00	V2-D04	V2	t
TKT-V144	F1-2026-ESP	VIP	450.00	V2-E04	V2	t
TKT-V154	F1-2026-ESP	VIP	450.00	V2-F04	V2	t
TKT-V164	F1-2026-ESP	VIP	450.00	V2-G04	V2	t
TKT-V174	F1-2026-ESP	VIP	450.00	V2-H04	V2	t
TKT-V184	F1-2026-ESP	VIP	450.00	V2-I04	V2	t
TKT-V194	F1-2026-ESP	VIP	450.00	V2-J04	V2	t
TKT-V012	F1-2026-ESP	VIP	450.00	V1-B02	V1	t
TKT-V022	F1-2026-ESP	VIP	450.00	V1-C02	V1	t
TKT-V032	F1-2026-ESP	VIP	450.00	V1-D02	V1	t
TKT-V042	F1-2026-ESP	VIP	450.00	V1-E02	V1	t
TKT-V005	F1-2026-ESP	VIP	450.00	V1-A05	V1	f
TKT-V065	F1-2026-ESP	VIP	450.00	V1-G05	V1	t
TKT-V075	F1-2026-ESP	VIP	450.00	V1-H05	V1	t
TKT-V085	F1-2026-ESP	VIP	450.00	V1-I05	V1	t
TKT-V095	F1-2026-ESP	VIP	450.00	V1-J05	V1	t
TKT-V105	F1-2026-ESP	VIP	450.00	V2-A05	V2	t
TKT-V115	F1-2026-ESP	VIP	450.00	V2-B05	V2	t
TKT-V125	F1-2026-ESP	VIP	450.00	V2-C05	V2	t
TKT-V135	F1-2026-ESP	VIP	450.00	V2-D05	V2	t
TKT-V145	F1-2026-ESP	VIP	450.00	V2-E05	V2	t
TKT-V155	F1-2026-ESP	VIP	450.00	V2-F05	V2	t
TKT-V165	F1-2026-ESP	VIP	450.00	V2-G05	V2	t
TKT-V175	F1-2026-ESP	VIP	450.00	V2-H05	V2	t
TKT-V185	F1-2026-ESP	VIP	450.00	V2-I05	V2	t
TKT-V195	F1-2026-ESP	VIP	450.00	V2-J05	V2	t
TKT-V013	F1-2026-ESP	VIP	450.00	V1-B03	V1	t
TKT-V023	F1-2026-ESP	VIP	450.00	V1-C03	V1	t
TKT-V033	F1-2026-ESP	VIP	450.00	V1-D03	V1	t
TKT-V043	F1-2026-ESP	VIP	450.00	V1-E03	V1	t
TKT-V056	F1-2026-ESP	VIP	450.00	V1-F06	V1	t
TKT-V066	F1-2026-ESP	VIP	450.00	V1-G06	V1	t
TKT-V076	F1-2026-ESP	VIP	450.00	V1-H06	V1	t
TKT-V086	F1-2026-ESP	VIP	450.00	V1-I06	V1	t
TKT-V096	F1-2026-ESP	VIP	450.00	V1-J06	V1	t
TKT-V106	F1-2026-ESP	VIP	450.00	V2-A06	V2	t
TKT-V116	F1-2026-ESP	VIP	450.00	V2-B06	V2	t
TKT-V126	F1-2026-ESP	VIP	450.00	V2-C06	V2	t
TKT-V136	F1-2026-ESP	VIP	450.00	V2-D06	V2	t
TKT-V146	F1-2026-ESP	VIP	450.00	V2-E06	V2	t
TKT-V156	F1-2026-ESP	VIP	450.00	V2-F06	V2	t
TKT-V166	F1-2026-ESP	VIP	450.00	V2-G06	V2	t
TKT-V176	F1-2026-ESP	VIP	450.00	V2-H06	V2	t
TKT-V186	F1-2026-ESP	VIP	450.00	V2-I06	V2	t
TKT-V196	F1-2026-ESP	VIP	450.00	V2-J06	V2	t
TKT-V014	F1-2026-ESP	VIP	450.00	V1-B04	V1	t
TKT-V024	F1-2026-ESP	VIP	450.00	V1-C04	V1	t
TKT-V034	F1-2026-ESP	VIP	450.00	V1-D04	V1	t
TKT-V044	F1-2026-ESP	VIP	450.00	V1-E04	V1	t
TKT-V057	F1-2026-ESP	VIP	450.00	V1-F07	V1	t
TKT-V067	F1-2026-ESP	VIP	450.00	V1-G07	V1	t
TKT-V077	F1-2026-ESP	VIP	450.00	V1-H07	V1	t
TKT-V087	F1-2026-ESP	VIP	450.00	V1-I07	V1	t
TKT-V097	F1-2026-ESP	VIP	450.00	V1-J07	V1	t
TKT-V107	F1-2026-ESP	VIP	450.00	V2-A07	V2	t
TKT-V117	F1-2026-ESP	VIP	450.00	V2-B07	V2	t
TKT-V127	F1-2026-ESP	VIP	450.00	V2-C07	V2	t
TKT-V137	F1-2026-ESP	VIP	450.00	V2-D07	V2	t
TKT-V147	F1-2026-ESP	VIP	450.00	V2-E07	V2	t
TKT-V157	F1-2026-ESP	VIP	450.00	V2-F07	V2	t
TKT-V167	F1-2026-ESP	VIP	450.00	V2-G07	V2	t
TKT-V177	F1-2026-ESP	VIP	450.00	V2-H07	V2	t
TKT-V187	F1-2026-ESP	VIP	450.00	V2-I07	V2	t
TKT-V197	F1-2026-ESP	VIP	450.00	V2-J07	V2	t
TKT-V015	F1-2026-ESP	VIP	450.00	V1-B05	V1	t
TKT-V025	F1-2026-ESP	VIP	450.00	V1-C05	V1	t
TKT-V035	F1-2026-ESP	VIP	450.00	V1-D05	V1	t
TKT-V045	F1-2026-ESP	VIP	450.00	V1-E05	V1	t
TKT-V058	F1-2026-ESP	VIP	450.00	V1-F08	V1	t
TKT-V068	F1-2026-ESP	VIP	450.00	V1-G08	V1	t
TKT-V078	F1-2026-ESP	VIP	450.00	V1-H08	V1	t
TKT-V088	F1-2026-ESP	VIP	450.00	V1-I08	V1	t
TKT-V098	F1-2026-ESP	VIP	450.00	V1-J08	V1	t
TKT-V108	F1-2026-ESP	VIP	450.00	V2-A08	V2	t
TKT-V118	F1-2026-ESP	VIP	450.00	V2-B08	V2	t
TKT-V128	F1-2026-ESP	VIP	450.00	V2-C08	V2	t
TKT-V138	F1-2026-ESP	VIP	450.00	V2-D08	V2	t
TKT-V148	F1-2026-ESP	VIP	450.00	V2-E08	V2	t
TKT-V158	F1-2026-ESP	VIP	450.00	V2-F08	V2	t
TKT-V168	F1-2026-ESP	VIP	450.00	V2-G08	V2	t
TKT-V178	F1-2026-ESP	VIP	450.00	V2-H08	V2	t
TKT-V188	F1-2026-ESP	VIP	450.00	V2-I08	V2	t
TKT-V198	F1-2026-ESP	VIP	450.00	V2-J08	V2	t
TKT-V016	F1-2026-ESP	VIP	450.00	V1-B06	V1	t
TKT-V026	F1-2026-ESP	VIP	450.00	V1-C06	V1	t
TKT-V006	F1-2026-ESP	VIP	450.00	V1-A06	V1	f
TKT-0011	F1-2026-ESP	GENERAL	150.00	G1-B01	G1	f
TKT-V059	F1-2026-ESP	VIP	450.00	V1-F09	V1	t
TKT-V069	F1-2026-ESP	VIP	450.00	V1-G09	V1	t
TKT-V079	F1-2026-ESP	VIP	450.00	V1-H09	V1	t
TKT-V089	F1-2026-ESP	VIP	450.00	V1-I09	V1	t
TKT-V099	F1-2026-ESP	VIP	450.00	V1-J09	V1	t
TKT-V109	F1-2026-ESP	VIP	450.00	V2-A09	V2	t
TKT-V119	F1-2026-ESP	VIP	450.00	V2-B09	V2	t
TKT-V129	F1-2026-ESP	VIP	450.00	V2-C09	V2	t
TKT-V139	F1-2026-ESP	VIP	450.00	V2-D09	V2	t
TKT-V149	F1-2026-ESP	VIP	450.00	V2-E09	V2	t
TKT-V159	F1-2026-ESP	VIP	450.00	V2-F09	V2	t
TKT-V169	F1-2026-ESP	VIP	450.00	V2-G09	V2	t
TKT-V179	F1-2026-ESP	VIP	450.00	V2-H09	V2	t
TKT-V189	F1-2026-ESP	VIP	450.00	V2-I09	V2	t
TKT-V199	F1-2026-ESP	VIP	450.00	V2-J09	V2	t
TKT-0021	F1-2026-ESP	GENERAL	150.00	G1-C01	G1	t
TKT-0031	F1-2026-ESP	GENERAL	150.00	G1-D01	G1	t
TKT-0041	F1-2026-ESP	GENERAL	150.00	G1-E01	G1	t
TKT-0051	F1-2026-ESP	GENERAL	150.00	G1-F01	G1	t
TKT-0061	F1-2026-ESP	GENERAL	150.00	G1-G01	G1	t
TKT-V060	F1-2026-ESP	VIP	450.00	V1-F10	V1	t
TKT-V070	F1-2026-ESP	VIP	450.00	V1-G10	V1	t
TKT-V080	F1-2026-ESP	VIP	450.00	V1-H10	V1	t
TKT-V090	F1-2026-ESP	VIP	450.00	V1-I10	V1	t
TKT-V100	F1-2026-ESP	VIP	450.00	V1-J10	V1	t
TKT-V110	F1-2026-ESP	VIP	450.00	V2-A10	V2	t
TKT-V120	F1-2026-ESP	VIP	450.00	V2-B10	V2	t
TKT-V130	F1-2026-ESP	VIP	450.00	V2-C10	V2	t
TKT-V140	F1-2026-ESP	VIP	450.00	V2-D10	V2	t
TKT-V150	F1-2026-ESP	VIP	450.00	V2-E10	V2	t
TKT-V160	F1-2026-ESP	VIP	450.00	V2-F10	V2	t
TKT-V170	F1-2026-ESP	VIP	450.00	V2-G10	V2	t
TKT-V180	F1-2026-ESP	VIP	450.00	V2-H10	V2	t
TKT-V190	F1-2026-ESP	VIP	450.00	V2-I10	V2	t
TKT-V200	F1-2026-ESP	VIP	450.00	V2-J10	V2	t
TKT-0001	F1-2026-ESP	GENERAL	150.00	G1-A01	G1	f
TKT-V007	F1-2026-ESP	VIP	450.00	V1-A07	V1	f
TKT-V008	F1-2026-ESP	VIP	450.00	V1-A08	V1	f
TKT-V009	F1-2026-ESP	VIP	450.00	V1-A09	V1	f
TKT-V010	F1-2026-ESP	VIP	450.00	V1-A10	V1	f
TKT-V036	F1-2026-ESP	VIP	450.00	V1-D06	V1	t
TKT-V046	F1-2026-ESP	VIP	450.00	V1-E06	V1	t
TKT-V017	F1-2026-ESP	VIP	450.00	V1-B07	V1	t
TKT-V027	F1-2026-ESP	VIP	450.00	V1-C07	V1	t
TKT-V037	F1-2026-ESP	VIP	450.00	V1-D07	V1	t
TKT-V047	F1-2026-ESP	VIP	450.00	V1-E07	V1	t
TKT-V018	F1-2026-ESP	VIP	450.00	V1-B08	V1	t
TKT-V028	F1-2026-ESP	VIP	450.00	V1-C08	V1	t
TKT-V038	F1-2026-ESP	VIP	450.00	V1-D08	V1	t
TKT-V048	F1-2026-ESP	VIP	450.00	V1-E08	V1	t
TKT-V019	F1-2026-ESP	VIP	450.00	V1-B09	V1	t
TKT-V029	F1-2026-ESP	VIP	450.00	V1-C09	V1	t
TKT-V039	F1-2026-ESP	VIP	450.00	V1-D09	V1	t
TKT-V049	F1-2026-ESP	VIP	450.00	V1-E09	V1	t
TKT-V020	F1-2026-ESP	VIP	450.00	V1-B10	V1	t
TKT-V030	F1-2026-ESP	VIP	450.00	V1-C10	V1	t
TKT-V040	F1-2026-ESP	VIP	450.00	V1-D10	V1	t
TKT-V050	F1-2026-ESP	VIP	450.00	V1-E10	V1	t
\.


--
-- Name: events events_pkey; Type: CONSTRAINT; Schema: public; Owner: appuser
--

ALTER TABLE ONLY public.events
    ADD CONSTRAINT events_pkey PRIMARY KEY (id);


--
-- Name: purchase_tickets purchase_tickets_pkey; Type: CONSTRAINT; Schema: public; Owner: appuser
--

ALTER TABLE ONLY public.purchase_tickets
    ADD CONSTRAINT purchase_tickets_pkey PRIMARY KEY (purchase_id, ticket_id);


--
-- Name: purchases purchases_pkey; Type: CONSTRAINT; Schema: public; Owner: appuser
--

ALTER TABLE ONLY public.purchases
    ADD CONSTRAINT purchases_pkey PRIMARY KEY (id);


--
-- Name: tickets tickets_pkey; Type: CONSTRAINT; Schema: public; Owner: appuser
--

ALTER TABLE ONLY public.tickets
    ADD CONSTRAINT tickets_pkey PRIMARY KEY (id);


--
-- Name: tickets uq_ticket_asiento; Type: CONSTRAINT; Schema: public; Owner: appuser
--

ALTER TABLE ONLY public.tickets
    ADD CONSTRAINT uq_ticket_asiento UNIQUE (event_id, asiento);


--
-- Name: idx_purchase_tickets_purchase; Type: INDEX; Schema: public; Owner: appuser
--

CREATE INDEX idx_purchase_tickets_purchase ON public.purchase_tickets USING btree (purchase_id);


--
-- Name: idx_purchases_email; Type: INDEX; Schema: public; Owner: appuser
--

CREATE INDEX idx_purchases_email ON public.purchases USING btree (email);


--
-- Name: idx_purchases_estado; Type: INDEX; Schema: public; Owner: appuser
--

CREATE INDEX idx_purchases_estado ON public.purchases USING btree (estado);


--
-- Name: idx_purchases_event_id; Type: INDEX; Schema: public; Owner: appuser
--

CREATE INDEX idx_purchases_event_id ON public.purchases USING btree (event_id);


--
-- Name: idx_tickets_event_tipo_disponible; Type: INDEX; Schema: public; Owner: appuser
--

CREATE INDEX idx_tickets_event_tipo_disponible ON public.tickets USING btree (event_id, tipo, disponible);


--
-- Name: purchase_tickets purchase_tickets_purchase_id_fkey; Type: FK CONSTRAINT; Schema: public; Owner: appuser
--

ALTER TABLE ONLY public.purchase_tickets
    ADD CONSTRAINT purchase_tickets_purchase_id_fkey FOREIGN KEY (purchase_id) REFERENCES public.purchases(id) ON DELETE CASCADE;


--
-- Name: purchase_tickets purchase_tickets_ticket_id_fkey; Type: FK CONSTRAINT; Schema: public; Owner: appuser
--

ALTER TABLE ONLY public.purchase_tickets
    ADD CONSTRAINT purchase_tickets_ticket_id_fkey FOREIGN KEY (ticket_id) REFERENCES public.tickets(id);


--
-- Name: purchases purchases_event_id_fkey; Type: FK CONSTRAINT; Schema: public; Owner: appuser
--

ALTER TABLE ONLY public.purchases
    ADD CONSTRAINT purchases_event_id_fkey FOREIGN KEY (event_id) REFERENCES public.events(id);


--
-- Name: tickets tickets_event_id_fkey; Type: FK CONSTRAINT; Schema: public; Owner: appuser
--

ALTER TABLE ONLY public.tickets
    ADD CONSTRAINT tickets_event_id_fkey FOREIGN KEY (event_id) REFERENCES public.events(id);


--
-- PostgreSQL database dump complete
--

\unrestrict GBxhJP3PZiNEpKEpdDc3ctjdk6uqc7VbHHOBPpxEZjopshOZYFjpfmZtFRrobOb

